date,number_of_homicides
2007-01-01,1.0
2007-01-02,3.0
2007-01-03,4.0
2007-01-04,4.0
2007-01-05,7.0
2007-01-06,7.0
2007-01-07,8.0
2007-01-08,10.0
2007-01-09,15.0
2007-01-10,15.0
2007-01-11,15.0
2007-01-12,15.0
2007-01-13,16.0
2007-01-14,16.0
2007-01-15,17.0
2007-01-16,17.0
2007-01-17,17.0
2007-01-18,18.0
2007-01-19,18.0
2007-01-20,20.0
2007-01-21,20.0
2007-01-22,21.0
2007-01-23,23.0
2007-01-24,24.0
2007-01-25,24.0
2007-01-26,24.0
2007-01-27,26.0
2007-01-28,26.0
2007-01-29,27.0
2007-01-30,27.0
2007-01-31,27.0
2007-02-01,26.0
2007-02-02,26.0
2007-02-03,26.0
2007-02-04,23.0
2007-02-05,23.0
2007-02-06,22.0
2007-02-07,20.0
2007-02-08,16.0
2007-02-09,16.0
2007-02-10,17.0
2007-02-11,19.0
2007-02-12,18.0
2007-02-13,18.0
2007-02-14,17.0
2007-02-15,17.0
2007-02-16,17.0
2007-02-17,17.0
2007-02-18,18.0
2007-02-19,19.0
2007-02-20,19.0
2007-02-21,20.0
2007-02-22,18.0
2007-02-23,18.0
2007-02-24,19.0
2007-02-25,19.0
2007-02-26,18.0
2007-02-27,19.0
2007-02-28,18.0
2007-03-01,18.0
2007-03-02,17.0
2007-03-03,17.0
2007-03-04,17.0
2007-03-05,18.0
2007-03-06,19.0
2007-03-07,19.0
2007-03-08,19.0
2007-03-09,20.0
2007-03-10,19.0
2007-03-11,21.0
2007-03-12,21.0
2007-03-13,23.0
2007-03-14,24.0
2007-03-15,25.0
2007-03-16,25.0
2007-03-17,27.0
2007-03-18,27.0
2007-03-19,26.0
2007-03-20,27.0
2007-03-21,25.0
2007-03-22,25.0
2007-03-23,23.0
2007-03-24,23.0
2007-03-25,23.0
2007-03-26,22.0
2007-03-27,24.0
2007-03-28,23.0
2007-03-29,22.0
2007-03-30,25.0
2007-03-31,26.0
2007-04-01,26.0
2007-04-02,26.0
2007-04-03,25.0
2007-04-04,24.0
2007-04-05,23.0
2007-04-06,23.0
2007-04-07,23.0
2007-04-08,23.0
2007-04-09,24.0
2007-04-10,22.0
2007-04-11,22.0
2007-04-12,19.0
2007-04-13,18.0
2007-04-14,17.0
2007-04-15,17.0
2007-04-16,15.0
2007-04-17,15.0
2007-04-18,17.0
2007-04-19,16.0
2007-04-20,16.0
2007-04-21,16.0
2007-04-22,18.0
2007-04-23,18.0
2007-04-24,17.0
2007-04-25,17.0
2007-04-26,16.0
2007-04-27,17.0
2007-04-28,17.0
2007-04-29,18.0
2007-04-30,20.0
2007-05-01,22.0
2007-05-02,22.0
2007-05-03,23.0
2007-05-04,23.0
2007-05-05,24.0
2007-05-06,25.0
2007-05-07,28.0
2007-05-08,28.0
2007-05-09,27.0
2007-05-10,28.0
2007-05-11,28.0
2007-05-12,29.0
2007-05-13,29.0
2007-05-14,30.0
2007-05-15,31.0
2007-05-16,32.0
2007-05-17,33.0
2007-05-18,31.0
2007-05-19,32.0
2007-05-20,31.0
2007-05-21,31.0
2007-05-22,32.0
2007-05-23,34.0
2007-05-24,34.0
2007-05-25,36.0
2007-05-26,38.0
2007-05-27,38.0
2007-05-28,38.0
2007-05-29,37.0
2007-05-30,35.0
2007-05-31,33.0
2007-06-01,33.0
2007-06-02,35.0
2007-06-03,37.0
2007-06-04,36.0
2007-06-05,37.0
2007-06-06,34.0
2007-06-07,33.0
2007-06-08,36.0
2007-06-09,36.0
2007-06-10,36.0
2007-06-11,36.0
2007-06-12,37.0
2007-06-13,38.0
2007-06-14,38.0
2007-06-15,38.0
2007-06-16,38.0
2007-06-17,40.0
2007-06-18,39.0
2007-06-19,41.0
2007-06-20,41.0
2007-06-21,39.0
2007-06-22,37.0
2007-06-23,38.0
2007-06-24,36.0
2007-06-25,33.0
2007-06-26,32.0
2007-06-27,33.0
2007-06-28,30.0
2007-06-29,30.0
2007-06-30,31.0
2007-07-01,32.0
2007-07-02,33.0
2007-07-03,32.0
2007-07-04,32.0
2007-07-05,30.0
2007-07-06,31.0
2007-07-07,33.0
2007-07-08,31.0
2007-07-09,30.0
2007-07-10,30.0
2007-07-11,28.0
2007-07-12,29.0
2007-07-13,27.0
2007-07-14,27.0
2007-07-15,30.0
2007-07-16,29.0
2007-07-17,29.0
2007-07-18,29.0
2007-07-19,28.0
2007-07-20,28.0
2007-07-21,27.0
2007-07-22,27.0
2007-07-23,26.0
2007-07-24,26.0
2007-07-25,26.0
2007-07-26,27.0
2007-07-27,28.0
2007-07-28,30.0
2007-07-29,29.0
2007-07-30,28.0
2007-07-31,27.0
2007-08-01,25.0
2007-08-02,28.0
2007-08-03,28.0
2007-08-04,28.0
2007-08-05,28.0
2007-08-06,26.0
2007-08-07,27.0
2007-08-08,27.0
2007-08-09,27.0
2007-08-10,27.0
2007-08-11,26.0
2007-08-12,27.0
2007-08-13,26.0
2007-08-14,22.0
2007-08-15,23.0
2007-08-16,22.0
2007-08-17,21.0
2007-08-18,22.0
2007-08-19,22.0
2007-08-20,22.0
2007-08-21,22.0
2007-08-22,22.0
2007-08-23,23.0
2007-08-24,23.0
2007-08-25,23.0
2007-08-26,23.0
2007-08-27,22.0
2007-08-28,23.0
2007-08-29,23.0
2007-08-30,24.0
2007-08-31,23.0
2007-09-01,20.0
2007-09-02,20.0
2007-09-03,20.0
2007-09-04,23.0
2007-09-05,23.0
2007-09-06,21.0
2007-09-07,21.0
2007-09-08,20.0
2007-09-09,20.0
2007-09-10,20.0
2007-09-11,19.0
2007-09-12,19.0
2007-09-13,19.0
2007-09-14,18.0
2007-09-15,20.0
2007-09-16,23.0
2007-09-17,23.0
2007-09-18,23.0
2007-09-19,24.0
2007-09-20,25.0
2007-09-21,25.0
2007-09-22,26.0
2007-09-23,26.0
2007-09-24,25.0
2007-09-25,25.0
2007-09-26,25.0
2007-09-27,24.0
2007-09-28,25.0
2007-09-29,23.0
2007-09-30,22.0
2007-10-01,21.0
2007-10-02,21.0
2007-10-03,21.0
2007-10-04,17.0
2007-10-05,18.0
2007-10-06,20.0
2007-10-07,20.0
2007-10-08,20.0
2007-10-09,21.0
2007-10-10,21.0
2007-10-11,22.0
2007-10-12,22.0
2007-10-13,23.0
2007-10-14,24.0
2007-10-15,23.0
2007-10-16,20.0
2007-10-17,18.0
2007-10-18,19.0
2007-10-19,20.0
2007-10-20,19.0
2007-10-21,19.0
2007-10-22,17.0
2007-10-23,17.0
2007-10-24,17.0
2007-10-25,16.0
2007-10-26,16.0
2007-10-27,16.0
2007-10-28,15.0
2007-10-29,16.0
2007-10-30,18.0
2007-10-31,20.0
2007-11-01,20.0
2007-11-02,21.0
2007-11-03,22.0
2007-11-04,22.0
2007-11-05,21.0
2007-11-06,21.0
2007-11-07,21.0
2007-11-08,21.0
2007-11-09,20.0
2007-11-10,19.0
2007-11-11,20.0
2007-11-12,20.0
2007-11-13,21.0
2007-11-14,19.0
2007-11-15,20.0
2007-11-16,21.0
2007-11-17,20.0
2007-11-18,18.0
2007-11-19,18.0
2007-11-20,18.0
2007-11-21,18.0
2007-11-22,18.0
2007-11-23,21.0
2007-11-24,20.0
2007-11-25,19.0
2007-11-26,20.0
2007-11-27,20.0
2007-11-28,20.0
2007-11-29,19.0
2007-11-30,17.0
2007-12-01,17.0
2007-12-02,17.0
2007-12-03,17.0
2007-12-04,16.0
2007-12-05,15.0
2007-12-06,15.0
2007-12-07,15.0
2007-12-08,14.0
2007-12-09,14.0
2007-12-10,15.0
2007-12-11,14.0
2007-12-12,13.0
2007-12-13,11.0
2007-12-14,12.0
2007-12-15,11.0
2007-12-16,11.0
2007-12-17,11.0
2007-12-18,12.0
2007-12-19,12.0
2007-12-20,13.0
2007-12-21,14.0
2007-12-22,14.0
2007-12-23,11.0
2007-12-24,13.0
2007-12-25,13.0
2007-12-26,13.0
2007-12-27,13.0
2007-12-28,13.0
2007-12-29,12.0
2007-12-30,12.0
2007-12-31,12.0
2008-01-01,12.0
2008-01-02,11.0
2008-01-03,11.0
2008-01-04,12.0
2008-01-05,12.0
2008-01-06,12.0
2008-01-07,12.0
2008-01-08,13.0
2008-01-09,13.0
2008-01-10,13.0
2008-01-11,13.0
2008-01-12,14.0
2008-01-13,13.0
2008-01-14,14.0
2008-01-15,13.0
2008-01-16,14.0
2008-01-17,15.0
2008-01-18,15.0
2008-01-19,15.0
2008-01-20,14.0
2008-01-21,14.0
2008-01-22,14.0
2008-01-23,12.0
2008-01-24,12.0
2008-01-25,14.0
2008-01-26,14.0
2008-01-27,13.0
2008-01-28,13.0
2008-01-29,13.0
2008-01-30,14.0
2008-01-31,13.0
2008-02-01,13.0
2008-02-02,15.0
2008-02-03,14.0
2008-02-04,14.0
2008-02-05,14.0
2008-02-06,14.0
2008-02-07,15.0
2008-02-08,14.0
2008-02-09,14.0
2008-02-10,14.0
2008-02-11,13.0
2008-02-12,13.0
2008-02-13,12.0
2008-02-14,12.0
2008-02-15,13.0
2008-02-16,12.0
2008-02-17,12.0
2008-02-18,11.0
2008-02-19,12.0
2008-02-20,13.0
2008-02-21,13.0
2008-02-22,13.0
2008-02-23,13.0
2008-02-24,11.0
2008-02-25,12.0
2008-02-26,12.0
2008-02-27,14.0
2008-02-28,14.0
2008-02-29,14.0
2008-03-01,15.0
2008-03-02,15.0
2008-03-03,14.0
2008-03-04,15.0
2008-03-05,15.0
2008-03-06,15.0
2008-03-07,16.0
2008-03-08,14.0
2008-03-09,16.0
2008-03-10,17.0
2008-03-11,18.0
2008-03-12,18.0
2008-03-13,19.0
2008-03-14,21.0
2008-03-15,22.0
2008-03-16,20.0
2008-03-17,19.0
2008-03-18,19.0
2008-03-19,19.0
2008-03-20,19.0
2008-03-21,18.0
2008-03-22,19.0
2008-03-23,21.0
2008-03-24,22.0
2008-03-25,21.0
2008-03-26,21.0
2008-03-27,22.0
2008-03-28,20.0
2008-03-29,20.0
2008-03-30,24.0
2008-03-31,24.0
2008-04-01,25.0
2008-04-02,24.0
2008-04-03,24.0
2008-04-04,24.0
2008-04-05,24.0
2008-04-06,23.0
2008-04-07,23.0
2008-04-08,21.0
2008-04-09,20.0
2008-04-10,19.0
2008-04-11,19.0
2008-04-12,19.0
2008-04-13,18.0
2008-04-14,18.0
2008-04-15,18.0
2008-04-16,19.0
2008-04-17,19.0
2008-04-18,20.0
2008-04-19,19.0
2008-04-20,20.0
2008-04-21,21.0
2008-04-22,19.0
2008-04-23,18.0
2008-04-24,18.0
2008-04-25,17.0
2008-04-26,16.0
2008-04-27,16.0
2008-04-28,16.0
2008-04-29,11.0
2008-04-30,10.0
2008-05-01,10.0
2008-05-02,10.0
2008-05-03,10.0
2008-05-04,13.0
2008-05-05,14.0
2008-05-06,15.0
2008-05-07,16.0
2008-05-08,16.0
2008-05-09,17.0
2008-05-10,17.0
2008-05-11,18.0
2008-05-12,17.0
2008-05-13,16.0
2008-05-14,16.0
2008-05-15,19.0
2008-05-16,19.0
2008-05-17,19.0
2008-05-18,20.0
2008-05-19,21.0
2008-05-20,20.0
2008-05-21,18.0
2008-05-22,18.0
2008-05-23,18.0
2008-05-24,19.0
2008-05-25,20.0
2008-05-26,20.0
2008-05-27,20.0
2008-05-28,21.0
2008-05-29,21.0
2008-05-30,21.0
2008-05-31,20.0
2008-06-01,21.0
2008-06-02,21.0
2008-06-03,19.0
2008-06-04,18.0
2008-06-05,17.0
2008-06-06,16.0
2008-06-07,16.0
2008-06-08,15.0
2008-06-09,16.0
2008-06-10,15.0
2008-06-11,16.0
2008-06-12,18.0
2008-06-13,18.0
2008-06-14,18.0
2008-06-15,17.0
2008-06-16,17.0
2008-06-17,17.0
2008-06-18,16.0
2008-06-19,18.0
2008-06-20,19.0
2008-06-21,19.0
2008-06-22,25.0
2008-06-23,24.0
2008-06-24,24.0
2008-06-25,24.0
2008-06-26,25.0
2008-06-27,25.0
2008-06-28,25.0
2008-06-29,26.0
2008-06-30,26.0
2008-07-01,25.0
2008-07-02,24.0
2008-07-03,23.0
2008-07-04,23.0
2008-07-05,23.0
2008-07-06,25.0
2008-07-07,26.0
2008-07-08,26.0
2008-07-09,25.0
2008-07-10,25.0
2008-07-11,25.0
2008-07-12,23.0
2008-07-13,24.0
2008-07-14,21.0
2008-07-15,21.0
2008-07-16,21.0
2008-07-17,19.0
2008-07-18,20.0
2008-07-19,19.0
2008-07-20,19.0
2008-07-21,22.0
2008-07-22,16.0
2008-07-23,16.0
2008-07-24,15.0
2008-07-25,17.0
2008-07-26,16.0
2008-07-27,16.0
2008-07-28,17.0
2008-07-29,18.0
2008-07-30,19.0
2008-07-31,19.0
2008-08-01,19.0
2008-08-02,19.0
2008-08-03,19.0
2008-08-04,19.0
2008-08-05,18.0
2008-08-06,18.0
2008-08-07,19.0
2008-08-08,22.0
2008-08-09,23.0
2008-08-10,22.0
2008-08-11,22.0
2008-08-12,22.0
2008-08-13,23.0
2008-08-14,24.0
2008-08-15,25.0
2008-08-16,25.0
2008-08-17,25.0
2008-08-18,24.0
2008-08-19,23.0
2008-08-20,20.0
2008-08-21,21.0
2008-08-22,22.0
2008-08-23,22.0
2008-08-24,20.0
2008-08-25,21.0
2008-08-26,20.0
2008-08-27,21.0
2008-08-28,19.0
2008-08-29,18.0
2008-08-30,19.0
2008-08-31,22.0
2008-09-01,22.0
2008-09-02,22.0
2008-09-03,22.0
2008-09-04,22.0
2008-09-05,21.0
2008-09-06,21.0
2008-09-07,18.0
2008-09-08,17.0
2008-09-09,19.0
2008-09-10,19.0
2008-09-11,18.0
2008-09-12,17.0
2008-09-13,16.0
2008-09-14,17.0
2008-09-15,17.0
2008-09-16,16.0
2008-09-17,16.0
2008-09-18,16.0
2008-09-19,16.0
2008-09-20,16.0
2008-09-21,15.0
2008-09-22,15.0
2008-09-23,15.0
2008-09-24,15.0
2008-09-25,15.0
2008-09-26,14.0
2008-09-27,14.0
2008-09-28,15.0
2008-09-29,15.0
2008-09-30,13.0
2008-10-01,13.0
2008-10-02,14.0
2008-10-03,14.0
2008-10-04,15.0
2008-10-05,15.0
2008-10-06,18.0
2008-10-07,18.0
2008-10-08,18.0
2008-10-09,16.0
2008-10-10,16.0
2008-10-11,15.0
2008-10-12,18.0
2008-10-13,18.0
2008-10-14,18.0
2008-10-15,19.0
2008-10-16,19.0
2008-10-17,19.0
2008-10-18,19.0
2008-10-19,19.0
2008-10-20,19.0
2008-10-21,20.0
2008-10-22,22.0
2008-10-23,23.0
2008-10-24,22.0
2008-10-25,24.0
2008-10-26,23.0
2008-10-27,23.0
2008-10-28,22.0
2008-10-29,22.0
2008-10-30,21.0
2008-10-31,22.0
2008-11-01,22.0
2008-11-02,23.0
2008-11-03,22.0
2008-11-04,22.0
2008-11-05,18.0
2008-11-06,18.0
2008-11-07,20.0
2008-11-08,20.0
2008-11-09,20.0
2008-11-10,21.0
2008-11-11,18.0
2008-11-12,20.0
2008-11-13,18.0
2008-11-14,17.0
2008-11-15,17.0
2008-11-16,18.0
2008-11-17,19.0
2008-11-18,23.0
2008-11-19,22.0
2008-11-20,21.0
2008-11-21,21.0
2008-11-22,21.0
2008-11-23,24.0
2008-11-24,23.0
2008-11-25,24.0
2008-11-26,25.0
2008-11-27,26.0
2008-11-28,25.0
2008-11-29,25.0
2008-11-30,28.0
2008-12-01,29.0
2008-12-02,29.0
2008-12-03,28.0
2008-12-04,28.0
2008-12-05,29.0
2008-12-06,31.0
2008-12-07,30.0
2008-12-08,30.0
2008-12-09,30.0
2008-12-10,30.0
2008-12-11,31.0
2008-12-12,29.0
2008-12-13,29.0
2008-12-14,29.0
2008-12-15,31.0
2008-12-16,31.0
2008-12-17,30.0
2008-12-18,26.0
2008-12-19,27.0
2008-12-20,27.0
2008-12-21,25.0
2008-12-22,24.0
2008-12-23,23.0
2008-12-24,22.0
2008-12-25,22.0
2008-12-26,22.0
2008-12-27,21.0
2008-12-28,22.0
2008-12-29,23.0
2008-12-30,20.0
2008-12-31,18.0
2009-01-01,17.0
2009-01-02,20.0
2009-01-03,20.0
2009-01-04,22.0
2009-01-05,22.0
2009-01-06,23.0
2009-01-07,24.0
2009-01-08,24.0
2009-01-09,25.0
2009-01-10,24.0
2009-01-11,24.0
2009-01-12,24.0
2009-01-13,24.0
2009-01-14,23.0
2009-01-15,22.0
2009-01-16,22.0
2009-01-17,23.0
2009-01-18,22.0
2009-01-19,22.0
2009-01-20,22.0
2009-01-21,22.0
2009-01-22,20.0
2009-01-23,20.0
2009-01-24,19.0
2009-01-25,19.0
2009-01-26,20.0
2009-01-27,20.0
2009-01-28,20.0
2009-01-29,20.0
2009-01-30,21.0
2009-01-31,21.0
2009-02-01,19.0
2009-02-02,19.0
2009-02-03,16.0
2009-02-04,17.0
2009-02-05,15.0
2009-02-06,14.0
2009-02-07,14.0
2009-02-08,12.0
2009-02-09,13.0
2009-02-10,14.0
2009-02-11,15.0
2009-02-12,16.0
2009-02-13,15.0
2009-02-14,16.0
2009-02-15,16.0
2009-02-16,17.0
2009-02-17,17.0
2009-02-18,17.0
2009-02-19,17.0
2009-02-20,17.0
2009-02-21,18.0
2009-02-22,20.0
2009-02-23,20.0
2009-02-24,19.0
2009-02-25,18.0
2009-02-26,18.0
2009-02-27,17.0
2009-02-28,16.0
2009-03-01,16.0
2009-03-02,16.0
2009-03-03,15.0
2009-03-04,15.0
2009-03-05,16.0
2009-03-06,14.0
2009-03-07,15.0
2009-03-08,16.0
2009-03-09,16.0
2009-03-10,16.0
2009-03-11,15.0
2009-03-12,14.0
2009-03-13,14.0
2009-03-14,14.0
2009-03-15,14.0
2009-03-16,13.0
2009-03-17,16.0
2009-03-18,14.0
2009-03-19,14.0
2009-03-20,14.0
2009-03-21,15.0
2009-03-22,16.0
2009-03-23,16.0
2009-03-24,14.0
2009-03-25,14.0
2009-03-26,16.0
2009-03-27,16.0
2009-03-28,15.0
2009-03-29,16.0
2009-03-30,16.0
2009-03-31,16.0
2009-04-01,18.0
2009-04-02,19.0
2009-04-03,20.0
2009-04-04,20.0
2009-04-05,21.0
2009-04-06,20.0
2009-04-07,19.0
2009-04-08,20.0
2009-04-09,20.0
2009-04-10,20.0
2009-04-11,21.0
2009-04-12,20.0
2009-04-13,20.0
2009-04-14,20.0
2009-04-15,22.0
2009-04-16,19.0
2009-04-17,19.0
2009-04-18,21.0
2009-04-19,21.0
2009-04-20,20.0
2009-04-21,22.0
2009-04-22,21.0
2009-04-23,22.0
2009-04-24,22.0
2009-04-25,22.0
2009-04-26,22.0
2009-04-27,23.0
2009-04-28,22.0
2009-04-29,22.0
2009-04-30,21.0
2009-05-01,19.0
2009-05-02,19.0
2009-05-03,19.0
2009-05-04,18.0
2009-05-05,17.0
2009-05-06,17.0
2009-05-07,17.0
2009-05-08,18.0
2009-05-09,19.0
2009-05-10,19.0
2009-05-11,18.0
2009-05-12,18.0
2009-05-13,17.0
2009-05-14,17.0
2009-05-15,15.0
2009-05-16,15.0
2009-05-17,16.0
2009-05-18,14.0
2009-05-19,14.0
2009-05-20,14.0
2009-05-21,13.0
2009-05-22,13.0
2009-05-23,13.0
2009-05-24,15.0
2009-05-25,15.0
2009-05-26,15.0
2009-05-27,16.0
2009-05-28,17.0
2009-05-29,17.0
2009-05-30,19.0
2009-05-31,20.0
2009-06-01,19.0
2009-06-02,19.0
2009-06-03,20.0
2009-06-04,19.0
2009-06-05,19.0
2009-06-06,19.0
2009-06-07,18.0
2009-06-08,18.0
2009-06-09,18.0
2009-06-10,21.0
2009-06-11,21.0
2009-06-12,21.0
2009-06-13,21.0
2009-06-14,21.0
2009-06-15,21.0
2009-06-16,20.0
2009-06-17,21.0
2009-06-18,22.0
2009-06-19,23.0
2009-06-20,22.0
2009-06-21,23.0
2009-06-22,22.0
2009-06-23,21.0
2009-06-24,21.0
2009-06-25,21.0
2009-06-26,19.0
2009-06-27,20.0
2009-06-28,21.0
2009-06-29,20.0
2009-06-30,21.0
2009-07-01,21.0
2009-07-02,20.0
2009-07-03,20.0
2009-07-04,20.0
2009-07-05,20.0
2009-07-06,20.0
2009-07-07,19.0
2009-07-08,20.0
2009-07-09,21.0
2009-07-10,18.0
2009-07-11,18.0
2009-07-12,18.0
2009-07-13,21.0
2009-07-14,22.0
2009-07-15,22.0
2009-07-16,23.0
2009-07-17,22.0
2009-07-18,21.0
2009-07-19,21.0
2009-07-20,20.0
2009-07-21,19.0
2009-07-22,19.0
2009-07-23,19.0
2009-07-24,17.0
2009-07-25,19.0
2009-07-26,21.0
2009-07-27,19.0
2009-07-28,18.0
2009-07-29,17.0
2009-07-30,15.0
2009-07-31,16.0
2009-08-01,18.0
2009-08-02,20.0
2009-08-03,20.0
2009-08-04,20.0
2009-08-05,20.0
2009-08-06,20.0
2009-08-07,18.0
2009-08-08,17.0
2009-08-09,18.0
2009-08-10,19.0
2009-08-11,20.0
2009-08-12,17.0
2009-08-13,16.0
2009-08-14,16.0
2009-08-15,15.0
2009-08-16,15.0
2009-08-17,15.0
2009-08-18,14.0
2009-08-19,14.0
2009-08-20,16.0
2009-08-21,17.0
2009-08-22,17.0
2009-08-23,17.0
2009-08-24,15.0
2009-08-25,14.0
2009-08-26,15.0
2009-08-27,17.0
2009-08-28,18.0
2009-08-29,18.0
2009-08-30,17.0
2009-08-31,15.0
2009-09-01,14.0
2009-09-02,14.0
2009-09-03,14.0
2009-09-04,17.0
2009-09-05,17.0
2009-09-06,17.0
2009-09-07,17.0
2009-09-08,17.0
2009-09-09,18.0
2009-09-10,18.0
2009-09-11,20.0
2009-09-12,20.0
2009-09-13,23.0
2009-09-14,24.0
2009-09-15,24.0
2009-09-16,25.0
2009-09-17,25.0
2009-09-18,27.0
2009-09-19,25.0
2009-09-20,25.0
2009-09-21,24.0
2009-09-22,24.0
2009-09-23,24.0
2009-09-24,23.0
2009-09-25,23.0
2009-09-26,23.0
2009-09-27,22.0
2009-09-28,22.0
2009-09-29,23.0
2009-09-30,23.0
2009-10-01,21.0
2009-10-02,23.0
2009-10-03,24.0
2009-10-04,21.0
2009-10-05,21.0
2009-10-06,21.0
2009-10-07,22.0
2009-10-08,21.0
2009-10-09,19.0
2009-10-10,20.0
2009-10-11,19.0
2009-10-12,19.0
2009-10-13,17.0
2009-10-14,18.0
2009-10-15,19.0
2009-10-16,18.0
2009-10-17,18.0
2009-10-18,17.0
2009-10-19,18.0
2009-10-20,17.0
2009-10-21,18.0
2009-10-22,18.0
2009-10-23,18.0
2009-10-24,18.0
2009-10-25,18.0
2009-10-26,16.0
2009-10-27,16.0
2009-10-28,16.0
2009-10-29,17.0
2009-10-30,18.0
2009-10-31,18.0
2009-11-01,16.0
2009-11-02,15.0
2009-11-03,17.0
2009-11-04,17.0
2009-11-05,17.0
2009-11-06,16.0
2009-11-07,17.0
2009-11-08,18.0
2009-11-09,17.0
2009-11-10,17.0
2009-11-11,17.0
2009-11-12,18.0
2009-11-13,17.0
2009-11-14,18.0
2009-11-15,20.0
2009-11-16,20.0
2009-11-17,20.0
2009-11-18,19.0
2009-11-19,20.0
2009-11-20,20.0
2009-11-21,20.0
2009-11-22,21.0
2009-11-23,21.0
2009-11-24,21.0
2009-11-25,25.0
2009-11-26,25.0
2009-11-27,25.0
2009-11-28,23.0
2009-11-29,22.0
2009-11-30,26.0
2009-12-01,26.0
2009-12-02,27.0
2009-12-03,28.0
2009-12-04,28.0
2009-12-05,29.0
2009-12-06,29.0
2009-12-07,28.0
2009-12-08,29.0
2009-12-09,28.0
2009-12-10,27.0
2009-12-11,28.0
2009-12-12,29.0
2009-12-13,28.0
2009-12-14,26.0
2009-12-15,24.0
2009-12-16,25.0
2009-12-17,24.0
2009-12-18,25.0
2009-12-19,25.0
2009-12-20,26.0
2009-12-21,26.0
2009-12-22,26.0
2009-12-23,26.0
2009-12-24,26.0
2009-12-25,22.0
2009-12-26,25.0
2009-12-27,26.0
2009-12-28,26.0
2009-12-29,27.0
2009-12-30,24.0
2009-12-31,25.0
2010-01-01,24.0
2010-01-02,21.0
2010-01-03,22.0
2010-01-04,21.0
2010-01-05,21.0
2010-01-06,22.0
2010-01-07,21.0
2010-01-08,21.0
2010-01-09,21.0
2010-01-10,22.0
2010-01-11,19.0
2010-01-12,19.0
2010-01-13,19.0
2010-01-14,19.0
2010-01-15,18.0
2010-01-16,19.0
2010-01-17,18.0
2010-01-18,19.0
2010-01-19,18.0
2010-01-20,18.0
2010-01-21,17.0
2010-01-22,17.0
2010-01-23,17.0
2010-01-24,17.0
2010-01-25,15.0
2010-01-26,14.0
2010-01-27,14.0
2010-01-28,13.0
2010-01-29,13.0
2010-01-30,12.0
2010-01-31,12.0
2010-02-01,13.0
2010-02-02,12.0
2010-02-03,13.0
2010-02-04,13.0
2010-02-05,13.0
2010-02-06,13.0
2010-02-07,14.0
2010-02-08,14.0
2010-02-09,12.0
2010-02-10,12.0
2010-02-11,12.0
2010-02-12,12.0
2010-02-13,12.0
2010-02-14,12.0
2010-02-15,11.0
2010-02-16,12.0
2010-02-17,12.0
2010-02-18,11.0
2010-02-19,11.0
2010-02-20,12.0
2010-02-21,13.0
2010-02-22,12.0
2010-02-23,13.0
2010-02-24,12.0
2010-02-25,12.0
2010-02-26,13.0
2010-02-27,13.0
2010-02-28,12.0
2010-03-01,12.0
2010-03-02,12.0
2010-03-03,13.0
2010-03-04,14.0
2010-03-05,14.0
2010-03-06,14.0
2010-03-07,13.0
2010-03-08,12.0
2010-03-09,11.0
2010-03-10,11.0
2010-03-11,11.0
2010-03-12,12.0
2010-03-13,12.0
2010-03-14,13.0
2010-03-15,15.0
2010-03-16,15.0
2010-03-17,15.0
2010-03-18,15.0
2010-03-19,13.0
2010-03-20,13.0
2010-03-21,15.0
2010-03-22,15.0
2010-03-23,15.0
2010-03-24,15.0
2010-03-25,14.0
2010-03-26,14.0
2010-03-27,15.0
2010-03-28,15.0
2010-03-29,16.0
2010-03-30,16.0
2010-03-31,16.0
2010-04-01,16.0
2010-04-02,14.0
2010-04-03,13.0
2010-04-04,12.0
2010-04-05,12.0
2010-04-06,13.0
2010-04-07,14.0
2010-04-08,15.0
2010-04-09,15.0
2010-04-10,16.0
2010-04-11,17.0
2010-04-12,17.0
2010-04-13,16.0
2010-04-14,14.0
2010-04-15,14.0
2010-04-16,16.0
2010-04-17,16.0
2010-04-18,18.0
2010-04-19,18.0
2010-04-20,17.0
2010-04-21,16.0
2010-04-22,15.0
2010-04-23,15.0
2010-04-24,15.0
2010-04-25,16.0
2010-04-26,16.0
2010-04-27,16.0
2010-04-28,15.0
2010-04-29,16.0
2010-04-30,16.0
2010-05-01,16.0
2010-05-02,16.0
2010-05-03,17.0
2010-05-04,18.0
2010-05-05,20.0
2010-05-06,19.0
2010-05-07,19.0
2010-05-08,21.0
2010-05-09,21.0
2010-05-10,20.0
2010-05-11,18.0
2010-05-12,19.0
2010-05-13,19.0
2010-05-14,20.0
2010-05-15,21.0
2010-05-16,19.0
2010-05-17,19.0
2010-05-18,17.0
2010-05-19,17.0
2010-05-20,18.0
2010-05-21,18.0
2010-05-22,18.0
2010-05-23,18.0
2010-05-24,19.0
2010-05-25,18.0
2010-05-26,17.0
2010-05-27,16.0
2010-05-28,16.0
2010-05-29,18.0
2010-05-30,21.0
2010-05-31,23.0
2010-06-01,25.0
2010-06-02,24.0
2010-06-03,23.0
2010-06-04,23.0
2010-06-05,24.0
2010-06-06,23.0
2010-06-07,21.0
2010-06-08,21.0
2010-06-09,21.0
2010-06-10,21.0
2010-06-11,21.0
2010-06-12,21.0
2010-06-13,21.0
2010-06-14,21.0
2010-06-15,22.0
2010-06-16,21.0
2010-06-17,21.0
2010-06-18,21.0
2010-06-19,20.0
2010-06-20,21.0
2010-06-21,22.0
2010-06-22,22.0
2010-06-23,22.0
2010-06-24,23.0
2010-06-25,23.0
2010-06-26,24.0
2010-06-27,25.0
2010-06-28,24.0
2010-06-29,22.0
2010-06-30,20.0
2010-07-01,19.0
2010-07-02,20.0
2010-07-03,22.0
2010-07-04,21.0
2010-07-05,21.0
2010-07-06,22.0
2010-07-07,22.0
2010-07-08,22.0
2010-07-09,22.0
2010-07-10,22.0
2010-07-11,21.0
2010-07-12,22.0
2010-07-13,22.0
2010-07-14,21.0
2010-07-15,20.0
2010-07-16,20.0
2010-07-17,21.0
2010-07-18,21.0
2010-07-19,20.0
2010-07-20,20.0
2010-07-21,19.0
2010-07-22,20.0
2010-07-23,20.0
2010-07-24,21.0
2010-07-25,23.0
2010-07-26,22.0
2010-07-27,23.0
2010-07-28,21.0
2010-07-29,22.0
2010-07-30,24.0
2010-07-31,23.0
2010-08-01,23.0
2010-08-02,21.0
2010-08-03,20.0
2010-08-04,19.0
2010-08-05,18.0
2010-08-06,18.0
2010-08-07,21.0
2010-08-08,22.0
2010-08-09,22.0
2010-08-10,22.0
2010-08-11,23.0
2010-08-12,24.0
2010-08-13,25.0
2010-08-14,26.0
2010-08-15,27.0
2010-08-16,27.0
2010-08-17,27.0
2010-08-18,27.0
2010-08-19,26.0
2010-08-20,26.0
2010-08-21,27.0
2010-08-22,27.0
2010-08-23,25.0
2010-08-24,24.0
2010-08-25,24.0
2010-08-26,22.0
2010-08-27,22.0
2010-08-28,21.0
2010-08-29,19.0
2010-08-30,21.0
2010-08-31,22.0
2010-09-01,22.0
2010-09-02,23.0
2010-09-03,24.0
2010-09-04,24.0
2010-09-05,23.0
2010-09-06,20.0
2010-09-07,20.0
2010-09-08,20.0
2010-09-09,22.0
2010-09-10,20.0
2010-09-11,18.0
2010-09-12,17.0
2010-09-13,17.0
2010-09-14,16.0
2010-09-15,15.0
2010-09-16,16.0
2010-09-17,17.0
2010-09-18,17.0
2010-09-19,19.0
2010-09-20,17.0
2010-09-21,16.0
2010-09-22,17.0
2010-09-23,17.0
2010-09-24,17.0
2010-09-25,18.0
2010-09-26,18.0
2010-09-27,17.0
2010-09-28,18.0
2010-09-29,17.0
2010-09-30,16.0
2010-10-01,16.0
2010-10-02,15.0
2010-10-03,14.0
2010-10-04,14.0
2010-10-05,15.0
2010-10-06,16.0
2010-10-07,15.0
2010-10-08,16.0
2010-10-09,18.0
2010-10-10,19.0
2010-10-11,20.0
2010-10-12,20.0
2010-10-13,21.0
2010-10-14,21.0
2010-10-15,21.0
2010-10-16,22.0
2010-10-17,21.0
2010-10-18,21.0
2010-10-19,19.0
2010-10-20,19.0
2010-10-21,19.0
2010-10-22,18.0
2010-10-23,19.0
2010-10-24,19.0
2010-10-25,20.0
2010-10-26,23.0
2010-10-27,23.0
2010-10-28,23.0
2010-10-29,23.0
2010-10-30,22.0
2010-10-31,23.0
2010-11-01,24.0
2010-11-02,25.0
2010-11-03,26.0
2010-11-04,27.0
2010-11-05,26.0
2010-11-06,27.0
2010-11-07,26.0
2010-11-08,22.0
2010-11-09,22.0
2010-11-10,21.0
2010-11-11,21.0
2010-11-12,19.0
2010-11-13,21.0
2010-11-14,21.0
2010-11-15,19.0
2010-11-16,19.0
2010-11-17,20.0
2010-11-18,21.0
2010-11-19,22.0
2010-11-20,23.0
2010-11-21,24.0
2010-11-22,22.0
2010-11-23,24.0
2010-11-24,24.0
2010-11-25,21.0
2010-11-26,22.0
2010-11-27,21.0
2010-11-28,20.0
2010-11-29,20.0
2010-11-30,19.0
2010-12-01,19.0
2010-12-02,18.0
2010-12-03,19.0
2010-12-04,17.0
2010-12-05,17.0
2010-12-06,16.0
2010-12-07,17.0
2010-12-08,18.0
2010-12-09,17.0
2010-12-10,18.0
2010-12-11,18.0
2010-12-12,19.0
2010-12-13,17.0
2010-12-14,17.0
2010-12-15,17.0
2010-12-16,17.0
2010-12-17,17.0
2010-12-18,21.0
2010-12-19,20.0
2010-12-20,19.0
2010-12-21,18.0
2010-12-22,20.0
2010-12-23,19.0
2010-12-24,17.0
2010-12-25,18.0
2010-12-26,18.0
2010-12-27,18.0
2010-12-28,18.0
2010-12-29,19.0
2010-12-30,19.0
2010-12-31,19.0
2011-01-01,21.0
2011-01-02,20.0
2011-01-03,20.0
2011-01-04,20.0
2011-01-05,21.0
2011-01-06,20.0
2011-01-07,19.0
2011-01-08,19.0
2011-01-09,21.0
2011-01-10,23.0
2011-01-11,22.0
2011-01-12,22.0
2011-01-13,22.0
2011-01-14,22.0
2011-01-15,22.0
2011-01-16,21.0
2011-01-17,16.0
2011-01-18,16.0
2011-01-19,16.0
2011-01-20,17.0
2011-01-21,15.0
2011-01-22,15.0
2011-01-23,16.0
2011-01-24,16.0
2011-01-25,15.0
2011-01-26,15.0
2011-01-27,15.0
2011-01-28,14.0
2011-01-29,15.0
2011-01-30,15.0
2011-01-31,13.0
2011-02-01,12.0
2011-02-02,13.0
2011-02-03,13.0
2011-02-04,12.0
2011-02-05,12.0
2011-02-06,12.0
2011-02-07,13.0
2011-02-08,11.0
2011-02-09,9.0
2011-02-10,9.0
2011-02-11,10.0
2011-02-12,10.0
2011-02-13,10.0
2011-02-14,10.0
2011-02-15,11.0
2011-02-16,12.0
2011-02-17,13.0
2011-02-18,13.0
2011-02-19,13.0
2011-02-20,14.0
2011-02-21,13.0
2011-02-22,12.0
2011-02-23,11.0
2011-02-24,11.0
2011-02-25,11.0
2011-02-26,11.0
2011-02-27,12.0
2011-02-28,11.0
2011-03-01,10.0
2011-03-02,10.0
2011-03-03,11.0
2011-03-04,10.0
2011-03-05,13.0
2011-03-06,14.0
2011-03-07,14.0
2011-03-08,14.0
2011-03-09,13.0
2011-03-10,12.0
2011-03-11,12.0
2011-03-12,13.0
2011-03-13,12.0
2011-03-14,12.0
2011-03-15,12.0
2011-03-16,12.0
2011-03-17,12.0
2011-03-18,12.0
2011-03-19,12.0
2011-03-20,13.0
2011-03-21,12.0
2011-03-22,11.0
2011-03-23,12.0
2011-03-24,12.0
2011-03-25,13.0
2011-03-26,13.0
2011-03-27,14.0
2011-03-28,14.0
2011-03-29,16.0
2011-03-30,17.0
2011-03-31,19.0
2011-04-01,19.0
2011-04-02,19.0
2011-04-03,19.0
2011-04-04,16.0
2011-04-05,17.0
2011-04-06,18.0
2011-04-07,18.0
2011-04-08,18.0
2011-04-09,20.0
2011-04-10,20.0
2011-04-11,20.0
2011-04-12,21.0
2011-04-13,22.0
2011-04-14,22.0
2011-04-15,22.0
2011-04-16,22.0
2011-04-17,21.0
2011-04-18,20.0
2011-04-19,20.0
2011-04-20,22.0
2011-04-21,23.0
2011-04-22,24.0
2011-04-23,26.0
2011-04-24,28.0
2011-04-25,29.0
2011-04-26,29.0
2011-04-27,30.0
2011-04-28,29.0
2011-04-29,29.0
2011-04-30,27.0
2011-05-01,27.0
2011-05-02,26.0
2011-05-03,27.0
2011-05-04,27.0
2011-05-05,25.0
2011-05-06,24.0
2011-05-07,24.0
2011-05-08,24.0
2011-05-09,22.0
2011-05-10,22.0
2011-05-11,22.0
2011-05-12,21.0
2011-05-13,20.0
2011-05-14,21.0
2011-05-15,21.0
2011-05-16,20.0
2011-05-17,20.0
2011-05-18,20.0
2011-05-19,21.0
2011-05-20,19.0
2011-05-21,19.0
2011-05-22,18.0
2011-05-23,16.0
2011-05-24,13.0
2011-05-25,13.0
2011-05-26,15.0
2011-05-27,14.0
2011-05-28,13.0
2011-05-29,13.0
2011-05-30,13.0
2011-05-31,15.0
2011-06-01,16.0
2011-06-02,15.0
2011-06-03,16.0
2011-06-04,16.0
2011-06-05,16.0
2011-06-06,16.0
2011-06-07,16.0
2011-06-08,16.0
2011-06-09,16.0
2011-06-10,16.0
2011-06-11,17.0
2011-06-12,19.0
2011-06-13,18.0
2011-06-14,20.0
2011-06-15,20.0
2011-06-16,21.0
2011-06-17,22.0
2011-06-18,20.0
2011-06-19,20.0
2011-06-20,20.0
2011-06-21,19.0
2011-06-22,20.0
2011-06-23,20.0
2011-06-24,19.0
2011-06-25,16.0
2011-06-26,16.0
2011-06-27,16.0
2011-06-28,17.0
2011-06-29,18.0
2011-06-30,16.0
2011-07-01,16.0
2011-07-02,17.0
2011-07-03,16.0
2011-07-04,17.0
2011-07-05,18.0
2011-07-06,18.0
2011-07-07,18.0
2011-07-08,18.0
2011-07-09,19.0
2011-07-10,21.0
2011-07-11,20.0
2011-07-12,18.0
2011-07-13,18.0
2011-07-14,18.0
2011-07-15,19.0
2011-07-16,19.0
2011-07-17,19.0
2011-07-18,19.0
2011-07-19,20.0
2011-07-20,20.0
2011-07-21,20.0
2011-07-22,19.0
2011-07-23,19.0
2011-07-24,19.0
2011-07-25,20.0
2011-07-26,24.0
2011-07-27,24.0
2011-07-28,22.0
2011-07-29,22.0
2011-07-30,23.0
2011-07-31,23.0
2011-08-01,24.0
2011-08-02,24.0
2011-08-03,24.0
2011-08-04,23.0
2011-08-05,23.0
2011-08-06,23.0
2011-08-07,23.0
2011-08-08,22.0
2011-08-09,19.0
2011-08-10,19.0
2011-08-11,19.0
2011-08-12,19.0
2011-08-13,17.0
2011-08-14,18.0
2011-08-15,17.0
2011-08-16,16.0
2011-08-17,16.0
2011-08-18,15.0
2011-08-19,14.0
2011-08-20,14.0
2011-08-21,14.0
2011-08-22,17.0
2011-08-23,19.0
2011-08-24,18.0
2011-08-25,15.0
2011-08-26,14.0
2011-08-27,15.0
2011-08-28,15.0
2011-08-29,14.0
2011-08-30,13.0
2011-08-31,11.0
2011-09-01,13.0
2011-09-02,12.0
2011-09-03,12.0
2011-09-04,13.0
2011-09-05,13.0
2011-09-06,13.0
2011-09-07,14.0
2011-09-08,15.0
2011-09-09,15.0
2011-09-10,15.0
2011-09-11,15.0
2011-09-12,15.0
2011-09-13,14.0
2011-09-14,15.0
2011-09-15,15.0
2011-09-16,16.0
2011-09-17,17.0
2011-09-18,17.0
2011-09-19,18.0
2011-09-20,20.0
2011-09-21,18.0
2011-09-22,16.0
2011-09-23,16.0
2011-09-24,15.0
2011-09-25,17.0
2011-09-26,16.0
2011-09-27,16.0
2011-09-28,19.0
2011-09-29,19.0
2011-09-30,19.0
2011-10-01,17.0
2011-10-02,17.0
2011-10-03,19.0
2011-10-04,18.0
2011-10-05,18.0
2011-10-06,18.0
2011-10-07,17.0
2011-10-08,16.0
2011-10-09,16.0
2011-10-10,18.0
2011-10-11,20.0
2011-10-12,20.0
2011-10-13,20.0
2011-10-14,20.0
2011-10-15,20.0
2011-10-16,20.0
2011-10-17,20.0
2011-10-18,20.0
2011-10-19,19.0
2011-10-20,17.0
2011-10-21,17.0
2011-10-22,17.0
2011-10-23,17.0
2011-10-24,18.0
2011-10-25,17.0
2011-10-26,17.0
2011-10-27,17.0
2011-10-28,15.0
2011-10-29,15.0
2011-10-30,15.0
2011-10-31,17.0
2011-11-01,17.0
2011-11-02,15.0
2011-11-03,15.0
2011-11-04,15.0
2011-11-05,16.0
2011-11-06,16.0
2011-11-07,16.0
2011-11-08,17.0
2011-11-09,16.0
2011-11-10,14.0
2011-11-11,15.0
2011-11-12,16.0
2011-11-13,15.0
2011-11-14,16.0
2011-11-15,16.0
2011-11-16,15.0
2011-11-17,15.0
2011-11-18,15.0
2011-11-19,15.0
2011-11-20,14.0
2011-11-21,14.0
2011-11-22,15.0
2011-11-23,14.0
2011-11-24,13.0
2011-11-25,13.0
2011-11-26,12.0
2011-11-27,11.0
2011-11-28,11.0
2011-11-29,12.0
2011-11-30,10.0
2011-12-01,10.0
2011-12-02,10.0
2011-12-03,10.0
2011-12-04,10.0
2011-12-05,9.0
2011-12-06,11.0
2011-12-07,11.0
2011-12-08,11.0
2011-12-09,10.0
2011-12-10,11.0
2011-12-11,10.0
2011-12-12,8.0
2011-12-13,8.0
2011-12-14,7.0
2011-12-15,6.0
2011-12-16,7.0
2011-12-17,8.0
2011-12-18,9.0
2011-12-19,10.0
2011-12-20,10.0
2011-12-21,11.0
2011-12-22,11.0
2011-12-23,11.0
2011-12-24,12.0
2011-12-25,12.0
2011-12-26,12.0
2011-12-27,12.0
2011-12-28,13.0
2011-12-29,12.0
2011-12-30,12.0
2011-12-31,12.0
2012-01-01,12.0
2012-01-02,12.0
2012-01-03,14.0
2012-01-04,14.0
2012-01-05,13.0
2012-01-06,14.0
2012-01-07,13.0
2012-01-08,14.0
2012-01-09,13.0
2012-01-10,13.0
2012-01-11,13.0
2012-01-12,14.0
2012-01-13,14.0
2012-01-14,14.0
2012-01-15,13.0
2012-01-16,12.0
2012-01-17,11.0
2012-01-18,10.0
2012-01-19,11.0
2012-01-20,12.0
2012-01-21,11.0
2012-01-22,11.0
2012-01-23,10.0
2012-01-24,10.0
2012-01-25,10.0
2012-01-26,10.0
2012-01-27,10.0
2012-01-28,10.0
2012-01-29,11.0
2012-01-30,11.0
2012-01-31,11.0
2012-02-01,13.0
2012-02-02,11.0
2012-02-03,11.0
2012-02-04,10.0
2012-02-05,9.0
2012-02-06,10.0
2012-02-07,9.0
2012-02-08,9.0
2012-02-09,10.0
2012-02-10,10.0
2012-02-11,9.0
2012-02-12,10.0
2012-02-13,11.0
2012-02-14,11.0
2012-02-15,11.0
2012-02-16,11.0
2012-02-17,11.0
2012-02-18,10.0
2012-02-19,9.0
2012-02-20,9.0
2012-02-21,9.0
2012-02-22,9.0
2012-02-23,10.0
2012-02-24,10.0
2012-02-25,10.0
2012-02-26,10.0
2012-02-27,10.0
2012-02-28,10.0
2012-02-29,11.0
2012-03-01,11.0
2012-03-02,9.0
2012-03-03,9.0
2012-03-04,12.0
2012-03-05,13.0
2012-03-06,14.0
2012-03-07,14.0
2012-03-08,14.0
2012-03-09,14.0
2012-03-10,14.0
2012-03-11,14.0
2012-03-12,14.0
2012-03-13,14.0
2012-03-14,13.0
2012-03-15,13.0
2012-03-16,15.0
2012-03-17,15.0
2012-03-18,15.0
2012-03-19,16.0
2012-03-20,16.0
2012-03-21,17.0
2012-03-22,17.0
2012-03-23,18.0
2012-03-24,18.0
2012-03-25,20.0
2012-03-26,20.0
2012-03-27,20.0
2012-03-28,20.0
2012-03-29,19.0
2012-03-30,19.0
2012-03-31,19.0
2012-04-01,20.0
2012-04-02,22.0
2012-04-03,19.0
2012-04-04,18.0
2012-04-05,17.0
2012-04-06,16.0
2012-04-07,17.0
2012-04-08,19.0
2012-04-09,19.0
2012-04-10,19.0
2012-04-11,19.0
2012-04-12,18.0
2012-04-13,19.0
2012-04-14,21.0
2012-04-15,19.0
2012-04-16,21.0
2012-04-17,22.0
2012-04-18,22.0
2012-04-19,21.0
2012-04-20,20.0
2012-04-21,20.0
2012-04-22,19.0
2012-04-23,21.0
2012-04-24,20.0
2012-04-25,20.0
2012-04-26,19.0
2012-04-27,20.0
2012-04-28,21.0
2012-04-29,20.0
2012-04-30,20.0
2012-05-01,19.0
2012-05-02,17.0
2012-05-03,18.0
2012-05-04,18.0
2012-05-05,19.0
2012-05-06,20.0
2012-05-07,19.0
2012-05-08,20.0
2012-05-09,20.0
2012-05-10,20.0
2012-05-11,20.0
2012-05-12,20.0
2012-05-13,22.0
2012-05-14,21.0
2012-05-15,21.0
2012-05-16,20.0
2012-05-17,20.0
2012-05-18,19.0
2012-05-19,19.0
2012-05-20,20.0
2012-05-21,20.0
2012-05-22,21.0
2012-05-23,19.0
2012-05-24,20.0
2012-05-25,21.0
2012-05-26,23.0
2012-05-27,22.0
2012-05-28,24.0
2012-05-29,25.0
2012-05-30,25.0
2012-05-31,26.0
2012-06-01,26.0
2012-06-02,27.0
2012-06-03,28.0
2012-06-04,29.0
2012-06-05,30.0
2012-06-06,31.0
2012-06-07,28.0
2012-06-08,28.0
2012-06-09,28.0
2012-06-10,28.0
2012-06-11,29.0
2012-06-12,26.0
2012-06-13,25.0
2012-06-14,25.0
2012-06-15,25.0
2012-06-16,24.0
2012-06-17,24.0
2012-06-18,24.0
2012-06-19,24.0
2012-06-20,25.0
2012-06-21,24.0
2012-06-22,23.0
2012-06-23,21.0
2012-06-24,21.0
2012-06-25,19.0
2012-06-26,20.0
2012-06-27,17.0
2012-06-28,16.0
2012-06-29,17.0
2012-06-30,16.0
2012-07-01,16.0
2012-07-02,14.0
2012-07-03,14.0
2012-07-04,12.0
2012-07-05,11.0
2012-07-06,11.0
2012-07-07,11.0
2012-07-08,10.0
2012-07-09,13.0
2012-07-10,14.0
2012-07-11,13.0
2012-07-12,13.0
2012-07-13,13.0
2012-07-14,13.0
2012-07-15,12.0
2012-07-16,13.0
2012-07-17,14.0
2012-07-18,14.0
2012-07-19,13.0
2012-07-20,12.0
2012-07-21,12.0
2012-07-22,12.0
2012-07-23,13.0
2012-07-24,12.0
2012-07-25,12.0
2012-07-26,13.0
2012-07-27,14.0
2012-07-28,16.0
2012-07-29,15.0
2012-07-30,16.0
2012-07-31,17.0
2012-08-01,18.0
2012-08-02,18.0
2012-08-03,19.0
2012-08-04,20.0
2012-08-05,19.0
2012-08-06,20.0
2012-08-07,20.0
2012-08-08,17.0
2012-08-09,16.0
2012-08-10,17.0
2012-08-11,17.0
2012-08-12,18.0
2012-08-13,18.0
2012-08-14,18.0
2012-08-15,17.0
2012-08-16,18.0
2012-08-17,20.0
2012-08-18,20.0
2012-08-19,21.0
2012-08-20,22.0
2012-08-21,23.0
2012-08-22,23.0
2012-08-23,24.0
2012-08-24,26.0
2012-08-25,24.0
2012-08-26,23.0
2012-08-27,21.0
2012-08-28,21.0
2012-08-29,20.0
2012-08-30,20.0
2012-08-31,19.0
2012-09-01,19.0
2012-09-02,19.0
2012-09-03,21.0
2012-09-04,22.0
2012-09-05,21.0
2012-09-06,22.0
2012-09-07,22.0
2012-09-08,24.0
2012-09-09,23.0
2012-09-10,23.0
2012-09-11,22.0
2012-09-12,22.0
2012-09-13,22.0
2012-09-14,22.0
2012-09-15,21.0
2012-09-16,19.0
2012-09-17,20.0
2012-09-18,20.0
2012-09-19,19.0
2012-09-20,19.0
2012-09-21,19.0
2012-09-22,19.0
2012-09-23,19.0
2012-09-24,21.0
2012-09-25,23.0
2012-09-26,24.0
2012-09-27,26.0
2012-09-28,26.0
2012-09-29,25.0
2012-09-30,26.0
2012-10-01,26.0
2012-10-02,25.0
2012-10-03,23.0
2012-10-04,22.0
2012-10-05,22.0
2012-10-06,21.0
2012-10-07,22.0
2012-10-08,21.0
2012-10-09,21.0
2012-10-10,21.0
2012-10-11,22.0
2012-10-12,22.0
2012-10-13,23.0
2012-10-14,24.0
2012-10-15,23.0
2012-10-16,23.0
2012-10-17,22.0
2012-10-18,21.0
2012-10-19,21.0
2012-10-20,22.0
2012-10-21,21.0
2012-10-22,20.0
2012-10-23,18.0
2012-10-24,18.0
2012-10-25,17.0
2012-10-26,16.0
2012-10-27,14.0
2012-10-28,14.0
2012-10-29,14.0
2012-10-30,13.0
2012-10-31,15.0
2012-11-01,16.0
2012-11-02,14.0
2012-11-03,16.0
2012-11-04,17.0
2012-11-05,18.0
2012-11-06,18.0
2012-11-07,17.0
2012-11-08,17.0
2012-11-09,18.0
2012-11-10,17.0
2012-11-11,17.0
2012-11-12,17.0
2012-11-13,18.0
2012-11-14,19.0
2012-11-15,19.0
2012-11-16,20.0
2012-11-17,20.0
2012-11-18,21.0
2012-11-19,19.0
2012-11-20,20.0
2012-11-21,21.0
2012-11-22,22.0
2012-11-23,20.0
2012-11-24,20.0
2012-11-25,22.0
2012-11-26,23.0
2012-11-27,23.0
2012-11-28,23.0
2012-11-29,23.0
2012-11-30,20.0
2012-12-01,20.0
2012-12-02,21.0
2012-12-03,19.0
2012-12-04,18.0
2012-12-05,17.0
2012-12-06,17.0
2012-12-07,19.0
2012-12-08,20.0
2012-12-09,19.0
2012-12-10,20.0
2012-12-11,20.0
2012-12-12,19.0
2012-12-13,18.0
2012-12-14,17.0
2012-12-15,18.0
2012-12-16,18.0
2012-12-17,19.0
2012-12-18,18.0
2012-12-19,18.0
2012-12-20,18.0
2012-12-21,17.0
2012-12-22,16.0
2012-12-23,16.0
2012-12-24,16.0
2012-12-25,14.0
2012-12-26,13.0
2012-12-27,13.0
2012-12-28,14.0
2012-12-29,14.0
2012-12-30,14.0
2012-12-31,14.0
2013-01-01,13.0
2013-01-02,13.0
2013-01-03,14.0
2013-01-04,14.0
2013-01-05,13.0
2013-01-06,11.0
2013-01-07,10.0
2013-01-08,10.0
2013-01-09,9.0
2013-01-10,9.0
2013-01-11,12.0
2013-01-12,12.0
2013-01-13,13.0
2013-01-14,12.0
2013-01-15,12.0
2013-01-16,12.0
2013-01-17,12.0
2013-01-18,12.0
2013-01-19,12.0
2013-01-20,12.0
2013-01-21,12.0
2013-01-22,13.0
2013-01-23,12.0
2013-01-24,12.0
2013-01-25,12.0
2013-01-26,12.0
2013-01-27,12.0
2013-01-28,13.0
2013-01-29,14.0
2013-01-30,14.0
2013-01-31,14.0
2013-02-01,15.0
2013-02-02,15.0
2013-02-03,17.0
2013-02-04,18.0
2013-02-05,19.0
2013-02-06,19.0
2013-02-07,19.0
2013-02-08,20.0
2013-02-09,20.0
2013-02-10,17.0
2013-02-11,17.0
2013-02-12,16.0
2013-02-13,16.0
2013-02-14,15.0
2013-02-15,14.0
2013-02-16,14.0
2013-02-17,14.0
2013-02-18,14.0
2013-02-19,15.0
2013-02-20,15.0
2013-02-21,15.0
2013-02-22,15.0
2013-02-23,17.0
2013-02-24,19.0
2013-02-25,19.0
2013-02-26,18.0
2013-02-27,17.0
2013-02-28,16.0
2013-03-01,15.0
2013-03-02,18.0
2013-03-03,19.0
2013-03-04,19.0
2013-03-05,17.0
2013-03-06,16.0
2013-03-07,15.0
2013-03-08,16.0
2013-03-09,16.0
2013-03-10,15.0
2013-03-11,15.0
2013-03-12,15.0
2013-03-13,14.0
2013-03-14,15.0
2013-03-15,15.0
2013-03-16,15.0
2013-03-17,18.0
2013-03-18,20.0
2013-03-19,24.0
2013-03-20,23.0
2013-03-21,22.0
2013-03-22,22.0
2013-03-23,21.0
2013-03-24,21.0
2013-03-25,19.0
2013-03-26,17.0
2013-03-27,17.0
2013-03-28,18.0
2013-03-29,19.0
2013-03-30,19.0
2013-03-31,20.0
2013-04-01,19.0
2013-04-02,17.0
2013-04-03,17.0
2013-04-04,17.0
2013-04-05,17.0
2013-04-06,18.0
2013-04-07,18.0
2013-04-08,20.0
2013-04-09,21.0
2013-04-10,22.0
2013-04-11,22.0
2013-04-12,23.0
2013-04-13,22.0
2013-04-14,22.0
2013-04-15,22.0
2013-04-16,20.0
2013-04-17,19.0
2013-04-18,15.0
2013-04-19,17.0
2013-04-20,18.0
2013-04-21,18.0
2013-04-22,18.0
2013-04-23,18.0
2013-04-24,18.0
2013-04-25,20.0
2013-04-26,20.0
2013-04-27,19.0
2013-04-28,19.0
2013-04-29,20.0
2013-04-30,20.0
2013-05-01,18.0
2013-05-02,19.0
2013-05-03,18.0
2013-05-04,18.0
2013-05-05,18.0
2013-05-06,18.0
2013-05-07,19.0
2013-05-08,19.0
2013-05-09,18.0
2013-05-10,17.0
2013-05-11,18.0
2013-05-12,17.0
2013-05-13,18.0
2013-05-14,18.0
2013-05-15,18.0
2013-05-16,17.0
2013-05-17,17.0
2013-05-18,17.0
2013-05-19,15.0
2013-05-20,15.0
2013-05-21,15.0
2013-05-22,17.0
2013-05-23,17.0
2013-05-24,19.0
2013-05-25,18.0
2013-05-26,18.0
2013-05-27,18.0
2013-05-28,18.0
2013-05-29,17.0
2013-05-30,18.0
2013-05-31,19.0
2013-06-01,19.0
2013-06-02,19.0
2013-06-03,20.0
2013-06-04,22.0
2013-06-05,22.0
2013-06-06,21.0
2013-06-07,19.0
2013-06-08,19.0
2013-06-09,20.0
2013-06-10,19.0
2013-06-11,21.0
2013-06-12,20.0
2013-06-13,20.0
2013-06-14,20.0
2013-06-15,22.0
2013-06-16,21.0
2013-06-17,22.0
2013-06-18,22.0
2013-06-19,21.0
2013-06-20,22.0
2013-06-21,21.0
2013-06-22,25.0
2013-06-23,25.0
2013-06-24,24.0
2013-06-25,26.0
2013-06-26,26.0
2013-06-27,28.0
2013-06-28,29.0
2013-06-29,28.0
2013-06-30,27.0
2013-07-01,26.0
2013-07-02,27.0
2013-07-03,26.0
2013-07-04,24.0
2013-07-05,26.0
2013-07-06,25.0
2013-07-07,25.0
2013-07-08,25.0
2013-07-09,25.0
2013-07-10,27.0
2013-07-11,26.0
2013-07-12,26.0
2013-07-13,27.0
2013-07-14,27.0
2013-07-15,26.0
2013-07-16,27.0
2013-07-17,26.0
2013-07-18,26.0
2013-07-19,27.0
2013-07-20,26.0
2013-07-21,25.0
2013-07-22,25.0
2013-07-23,23.0
2013-07-24,23.0
2013-07-25,21.0
2013-07-26,24.0
2013-07-27,21.0
2013-07-28,20.0
2013-07-29,19.0
2013-07-30,21.0
2013-07-31,22.0
2013-08-01,22.0
2013-08-02,23.0
2013-08-03,24.0
2013-08-04,21.0
2013-08-05,21.0
2013-08-06,21.0
2013-08-07,21.0
2013-08-08,20.0
2013-08-09,18.0
2013-08-10,17.0
2013-08-11,17.0
2013-08-12,18.0
2013-08-13,20.0
2013-08-14,19.0
2013-08-15,18.0
2013-08-16,18.0
2013-08-17,19.0
2013-08-18,18.0
2013-08-19,18.0
2013-08-20,20.0
2013-08-21,16.0
2013-08-22,16.0
2013-08-23,17.0
2013-08-24,18.0
2013-08-25,16.0
2013-08-26,16.0
2013-08-27,17.0
2013-08-28,17.0
2013-08-29,17.0
2013-08-30,16.0
2013-08-31,15.0
2013-09-01,15.0
2013-09-02,15.0
2013-09-03,16.0
2013-09-04,17.0
2013-09-05,17.0
2013-09-06,20.0
2013-09-07,20.0
2013-09-08,22.0
2013-09-09,23.0
2013-09-10,24.0
2013-09-11,22.0
2013-09-12,21.0
2013-09-13,21.0
2013-09-14,22.0
2013-09-15,22.0
2013-09-16,21.0
2013-09-17,22.0
2013-09-18,23.0
2013-09-19,22.0
2013-09-20,23.0
2013-09-21,24.0
2013-09-22,23.0
2013-09-23,22.0
2013-09-24,23.0
2013-09-25,23.0
2013-09-26,23.0
2013-09-27,23.0
2013-09-28,21.0
2013-09-29,21.0
2013-09-30,23.0
2013-10-01,22.0
2013-10-02,21.0
2013-10-03,20.0
2013-10-04,19.0
2013-10-05,19.0
2013-10-06,16.0
2013-10-07,16.0
2013-10-08,14.0
2013-10-09,13.0
2013-10-10,12.0
2013-10-11,13.0
2013-10-12,12.0
2013-10-13,12.0
2013-10-14,13.0
2013-10-15,14.0
2013-10-16,14.0
2013-10-17,14.0
2013-10-18,14.0
2013-10-19,15.0
2013-10-20,16.0
2013-10-21,15.0
2013-10-22,16.0
2013-10-23,17.0
2013-10-24,16.0
2013-10-25,17.0
2013-10-26,17.0
2013-10-27,17.0
2013-10-28,17.0
2013-10-29,18.0
2013-10-30,17.0
2013-10-31,19.0
2013-11-01,19.0
2013-11-02,19.0
2013-11-03,19.0
2013-11-04,19.0
2013-11-05,22.0
2013-11-06,23.0
2013-11-07,25.0
2013-11-08,25.0
2013-11-09,27.0
2013-11-10,26.0
2013-11-11,26.0
2013-11-12,27.0
2013-11-13,26.0
2013-11-14,26.0
2013-11-15,27.0
2013-11-16,28.0
2013-11-17,28.0
2013-11-18,26.0
2013-11-19,25.0
2013-11-20,26.0
2013-11-21,25.0
2013-11-22,25.0
2013-11-23,25.0
2013-11-24,24.0
2013-11-25,23.0
2013-11-26,24.0
2013-11-27,24.0
2013-11-28,23.0
2013-11-29,22.0
2013-11-30,21.0
2013-12-01,21.0
2013-12-02,21.0
2013-12-03,21.0
2013-12-04,22.0
2013-12-05,20.0
2013-12-06,19.0
2013-12-07,17.0
2013-12-08,17.0
2013-12-09,15.0
2013-12-10,15.0
2013-12-11,16.0
2013-12-12,16.0
2013-12-13,15.0
2013-12-14,16.0
2013-12-15,16.0
2013-12-16,15.0
2013-12-17,14.0
2013-12-18,15.0
2013-12-19,15.0
2013-12-20,15.0
2013-12-21,16.0
2013-12-22,16.0
2013-12-23,16.0
2013-12-24,18.0
2013-12-25,18.0
2013-12-26,17.0
2013-12-27,17.0
2013-12-28,18.0
2013-12-29,19.0
2013-12-30,18.0
2013-12-31,19.0
2014-01-01,21.0
2014-01-02,24.0
2014-01-03,24.0
2014-01-04,23.0
2014-01-05,23.0
2014-01-06,25.0
2014-01-07,25.0
2014-01-08,26.0
2014-01-09,27.0
2014-01-10,29.0
2014-01-11,29.0
2014-01-12,31.0
2014-01-13,29.0
2014-01-14,28.0
2014-01-15,27.0
2014-01-16,27.0
2014-01-17,27.0
2014-01-18,27.0
2014-01-19,26.0
2014-01-20,25.0
2014-01-21,24.0
2014-01-22,23.0
2014-01-23,21.0
2014-01-24,21.0
2014-01-25,23.0
2014-01-26,23.0
2014-01-27,23.0
2014-01-28,23.0
2014-01-29,23.0
2014-01-30,26.0
2014-01-31,25.0
2014-02-01,22.0
2014-02-02,21.0
2014-02-03,21.0
2014-02-04,21.0
2014-02-05,20.0
2014-02-06,21.0
2014-02-07,20.0
2014-02-08,19.0
2014-02-09,17.0
2014-02-10,17.0
2014-02-11,17.0
2014-02-12,17.0
2014-02-13,17.0
2014-02-14,17.0
2014-02-15,17.0
2014-02-16,16.0
2014-02-17,15.0
2014-02-18,15.0
2014-02-19,15.0
2014-02-20,15.0
2014-02-21,16.0
2014-02-22,16.0
2014-02-23,17.0
2014-02-24,16.0
2014-02-25,17.0
2014-02-26,16.0
2014-02-27,15.0
2014-02-28,15.0
2014-03-01,12.0
2014-03-02,11.0
2014-03-03,11.0
2014-03-04,11.0
2014-03-05,11.0
2014-03-06,11.0
2014-03-07,10.0
2014-03-08,10.0
2014-03-09,10.0
2014-03-10,11.0
2014-03-11,10.0
2014-03-12,9.0
2014-03-13,7.0
2014-03-14,7.0
2014-03-15,7.0
2014-03-16,7.0
2014-03-17,8.0
2014-03-18,8.0
2014-03-19,8.0
2014-03-20,8.0
2014-03-21,8.0
2014-03-22,8.0
2014-03-23,7.0
2014-03-24,7.0
2014-03-25,6.0
2014-03-26,6.0
2014-03-27,6.0
2014-03-28,6.0
2014-03-29,6.0
2014-03-30,6.0
2014-03-31,6.0
2014-04-01,6.0
2014-04-02,6.0
2014-04-03,7.0
2014-04-04,8.0
2014-04-05,8.0
2014-04-06,9.0
2014-04-07,8.0
2014-04-08,8.0
2014-04-09,8.0
2014-04-10,8.0
2014-04-11,8.0
2014-04-12,8.0
2014-04-13,8.0
2014-04-14,9.0
2014-04-15,9.0
2014-04-16,10.0
2014-04-17,11.0
2014-04-18,12.0
2014-04-19,12.0
2014-04-20,12.0
2014-04-21,12.0
2014-04-22,13.0
2014-04-23,13.0
2014-04-24,13.0
2014-04-25,12.0
2014-04-26,11.0
2014-04-27,13.0
2014-04-28,13.0
2014-04-29,13.0
2014-04-30,12.0
2014-05-01,12.0
2014-05-02,12.0
2014-05-03,14.0
2014-05-04,13.0
2014-05-05,14.0
2014-05-06,14.0
2014-05-07,15.0
2014-05-08,15.0
2014-05-09,15.0
2014-05-10,15.0
2014-05-11,17.0
2014-05-12,18.0
2014-05-13,18.0
2014-05-14,17.0
2014-05-15,18.0
2014-05-16,17.0
2014-05-17,17.0
2014-05-18,16.0
2014-05-19,16.0
2014-05-20,16.0
2014-05-21,18.0
2014-05-22,18.0
2014-05-23,19.0
2014-05-24,20.0
2014-05-25,20.0
2014-05-26,21.0
2014-05-27,21.0
2014-05-28,21.0
2014-05-29,21.0
2014-05-30,21.0
2014-05-31,23.0
2014-06-01,25.0
2014-06-02,24.0
2014-06-03,26.0
2014-06-04,25.0
2014-06-05,24.0
2014-06-06,24.0
2014-06-07,25.0
2014-06-08,26.0
2014-06-09,26.0
2014-06-10,24.0
2014-06-11,23.0
2014-06-12,23.0
2014-06-13,23.0
2014-06-14,23.0
2014-06-15,22.0
2014-06-16,22.0
2014-06-17,22.0
2014-06-18,22.0
2014-06-19,22.0
2014-06-20,20.0
2014-06-21,21.0
2014-06-22,20.0
2014-06-23,19.0
2014-06-24,19.0
2014-06-25,18.0
2014-06-26,16.0
2014-06-27,17.0
2014-06-28,18.0
2014-06-29,20.0
2014-06-30,18.0
2014-07-01,17.0
2014-07-02,15.0
2014-07-03,13.0
2014-07-04,15.0
2014-07-05,18.0
2014-07-06,17.0
2014-07-07,16.0
2014-07-08,15.0
2014-07-09,15.0
2014-07-10,15.0
2014-07-11,15.0
2014-07-12,15.0
2014-07-13,15.0
2014-07-14,14.0
2014-07-15,15.0
2014-07-16,17.0
2014-07-17,20.0
2014-07-18,22.0
2014-07-19,22.0
2014-07-20,23.0
2014-07-21,21.0
2014-07-22,21.0
2014-07-23,22.0
2014-07-24,22.0
2014-07-25,22.0
2014-07-26,23.0
2014-07-27,22.0
2014-07-28,21.0
2014-07-29,19.0
2014-07-30,20.0
2014-07-31,21.0
2014-08-01,23.0
2014-08-02,23.0
2014-08-03,22.0
2014-08-04,19.0
2014-08-05,20.0
2014-08-06,20.0
2014-08-07,20.0
2014-08-08,20.0
2014-08-09,23.0
2014-08-10,24.0
2014-08-11,27.0
2014-08-12,27.0
2014-08-13,27.0
2014-08-14,26.0
2014-08-15,24.0
2014-08-16,22.0
2014-08-17,20.0
2014-08-18,20.0
2014-08-19,20.0
2014-08-20,21.0
2014-08-21,22.0
2014-08-22,23.0
2014-08-23,23.0
2014-08-24,26.0
2014-08-25,25.0
2014-08-26,26.0
2014-08-27,27.0
2014-08-28,27.0
2014-08-29,27.0
2014-08-30,25.0
2014-08-31,24.0
2014-09-01,26.0
2014-09-02,26.0
2014-09-03,28.0
2014-09-04,27.0
2014-09-05,27.0
2014-09-06,27.0
2014-09-07,27.0
2014-09-08,24.0
2014-09-09,23.0
2014-09-10,20.0
2014-09-11,21.0
2014-09-12,21.0
2014-09-13,21.0
2014-09-14,20.0
2014-09-15,19.0
2014-09-16,19.0
2014-09-17,19.0
2014-09-18,20.0
2014-09-19,19.0
2014-09-20,19.0
2014-09-21,19.0
2014-09-22,19.0
2014-09-23,19.0
2014-09-24,19.0
2014-09-25,19.0
2014-09-26,19.0
2014-09-27,19.0
2014-09-28,18.0
2014-09-29,18.0
2014-09-30,18.0
2014-10-01,17.0
2014-10-02,16.0
2014-10-03,15.0
2014-10-04,16.0
2014-10-05,17.0
2014-10-06,17.0
2014-10-07,19.0
2014-10-08,19.0
2014-10-09,21.0
2014-10-10,22.0
2014-10-11,22.0
2014-10-12,24.0
2014-10-13,24.0
2014-10-14,24.0
2014-10-15,25.0
2014-10-16,25.0
2014-10-17,25.0
2014-10-18,23.0
2014-10-19,23.0
2014-10-20,22.0
2014-10-21,20.0
2014-10-22,21.0
2014-10-23,19.0
2014-10-24,19.0
2014-10-25,19.0
2014-10-26,18.0
2014-10-27,18.0
2014-10-28,19.0
2014-10-29,20.0
2014-10-30,19.0
2014-10-31,19.0
2014-11-01,20.0
2014-11-02,20.0
2014-11-03,20.0
2014-11-04,19.0
2014-11-05,18.0
2014-11-06,17.0
2014-11-07,17.0
2014-11-08,15.0
2014-11-09,15.0
2014-11-10,16.0
2014-11-11,14.0
2014-11-12,14.0
2014-11-13,14.0
2014-11-14,13.0
2014-11-15,13.0
2014-11-16,13.0
2014-11-17,13.0
2014-11-18,13.0
2014-11-19,14.0
2014-11-20,15.0
2014-11-21,15.0
2014-11-22,14.0
2014-11-23,14.0
2014-11-24,13.0
2014-11-25,15.0
2014-11-26,15.0
2014-11-27,14.0
2014-11-28,13.0
2014-11-29,13.0
2014-11-30,13.0
2014-12-01,14.0
2014-12-02,14.0
2014-12-03,13.0
2014-12-04,13.0
2014-12-05,13.0
2014-12-06,12.0
2014-12-07,13.0
2014-12-08,13.0
2014-12-09,13.0
2014-12-10,11.0
2014-12-11,11.0
2014-12-12,11.0
2014-12-13,11.0
2014-12-14,12.0
2014-12-15,12.0
2014-12-16,13.0
2014-12-17,14.0
2014-12-18,14.0
2014-12-19,13.0
2014-12-20,14.0
2014-12-21,13.0
2014-12-22,14.0
2014-12-23,14.0
2014-12-24,14.0
2014-12-25,13.0
2014-12-26,13.0
2014-12-27,13.0
2014-12-28,14.0
2014-12-29,14.0
2014-12-30,14.0
2014-12-31,13.0
2015-01-01,12.0
2015-01-02,12.0
2015-01-03,15.0
2015-01-04,17.0
2015-01-05,18.0
2015-01-06,17.0
2015-01-07,17.0
2015-01-08,16.0
2015-01-09,18.0
2015-01-10,19.0
2015-01-11,19.0
2015-01-12,20.0
2015-01-13,19.0
2015-01-14,19.0
2015-01-15,18.0
2015-01-16,17.0
2015-01-17,18.0
2015-01-18,20.0
2015-01-19,18.0
2015-01-20,18.0
2015-01-21,17.0
2015-01-22,17.0
2015-01-23,17.0
2015-01-24,17.0
2015-01-25,18.0
2015-01-26,19.0
2015-01-27,18.0
2015-01-28,19.0
2015-01-29,21.0
2015-01-30,21.0
2015-01-31,22.0
2015-02-01,24.0
2015-02-02,22.0
2015-02-03,20.0
2015-02-04,19.0
2015-02-05,19.0
2015-02-06,19.0
2015-02-07,19.0
2015-02-08,17.0
2015-02-09,16.0
2015-02-10,16.0
2015-02-11,16.0
2015-02-12,18.0
2015-02-13,18.0
2015-02-14,18.0
2015-02-15,19.0
2015-02-16,18.0
2015-02-17,16.0
2015-02-18,16.0
2015-02-19,16.0
2015-02-20,16.0
2015-02-21,17.0
2015-02-22,18.0
2015-02-23,18.0
2015-02-24,18.0
2015-02-25,18.0
2015-02-26,18.0
2015-02-27,17.0
2015-02-28,15.0
2015-03-01,14.0
2015-03-02,14.0
2015-03-03,13.0
2015-03-04,12.0
2015-03-05,12.0
2015-03-06,12.0
2015-03-07,12.0
2015-03-08,12.0
2015-03-09,12.0
2015-03-10,12.0
2015-03-11,12.0
2015-03-12,15.0
2015-03-13,14.0
2015-03-14,12.0
2015-03-15,12.0
2015-03-16,12.0
2015-03-17,12.0
2015-03-18,12.0
2015-03-19,12.0
2015-03-20,12.0
2015-03-21,12.0
2015-03-22,12.0
2015-03-23,14.0
2015-03-24,14.0
2015-03-25,13.0
2015-03-26,13.0
2015-03-27,13.0
2015-03-28,14.0
2015-03-29,14.0
2015-03-30,15.0
2015-03-31,15.0
2015-04-01,14.0
2015-04-02,13.0
2015-04-03,13.0
2015-04-04,16.0
2015-04-05,16.0
2015-04-06,16.0
2015-04-07,17.0
2015-04-08,18.0
2015-04-09,18.0
2015-04-10,19.0
2015-04-11,16.0
2015-04-12,16.0
2015-04-13,17.0
2015-04-14,17.0
2015-04-15,17.0
2015-04-16,16.0
2015-04-17,19.0
2015-04-18,19.0
2015-04-19,19.0
2015-04-20,19.0
2015-04-21,20.0
2015-04-22,18.0
2015-04-23,18.0
2015-04-24,19.0
2015-04-25,18.0
2015-04-26,19.0
2015-04-27,18.0
2015-04-28,20.0
2015-04-29,21.0
2015-04-30,22.0
2015-05-01,23.0
2015-05-02,24.0
2015-05-03,25.0
2015-05-04,24.0
2015-05-05,24.0
2015-05-06,25.0
2015-05-07,26.0
2015-05-08,25.0
2015-05-09,25.0
2015-05-10,28.0
2015-05-11,29.0
2015-05-12,29.0
2015-05-13,28.0
2015-05-14,33.0
2015-05-15,35.0
2015-05-16,35.0
2015-05-17,34.0
2015-05-18,34.0
2015-05-19,35.0
2015-05-20,37.0
2015-05-21,37.0
2015-05-22,38.0
2015-05-23,40.0
2015-05-24,40.0
2015-05-25,42.0
2015-05-26,40.0
2015-05-27,41.0
2015-05-28,41.0
2015-05-29,40.0
2015-05-30,39.0
2015-05-31,41.0
2015-06-01,41.0
2015-06-02,45.0
2015-06-03,43.0
2015-06-04,43.0
2015-06-05,42.0
2015-06-06,41.0
2015-06-07,44.0
2015-06-08,47.0
2015-06-09,43.0
2015-06-10,42.0
2015-06-11,43.0
2015-06-12,45.0
2015-06-13,40.0
2015-06-14,40.0
2015-06-15,42.0
2015-06-16,41.0
2015-06-17,41.0
2015-06-18,40.0
2015-06-19,38.0
2015-06-20,37.0
2015-06-21,36.0
2015-06-22,34.0
2015-06-23,34.0
2015-06-24,32.0
2015-06-25,33.0
2015-06-26,32.0
2015-06-27,31.0
2015-06-28,31.0
2015-06-29,31.0
2015-06-30,29.0
2015-07-01,28.0
2015-07-02,24.0
2015-07-03,26.0
2015-07-04,26.0
2015-07-05,27.0
2015-07-06,27.0
2015-07-07,30.0
2015-07-08,28.0
2015-07-09,28.0
2015-07-10,28.0
2015-07-11,32.0
2015-07-12,34.0
2015-07-13,36.0
2015-07-14,34.0
2015-07-15,35.0
2015-07-16,34.0
2015-07-17,34.0
2015-07-18,34.0
2015-07-19,35.0
2015-07-20,35.0
2015-07-21,35.0
2015-07-22,37.0
2015-07-23,37.0
2015-07-24,39.0
2015-07-25,39.0
2015-07-26,41.0
2015-07-27,42.0
2015-07-28,41.0
2015-07-29,43.0
2015-07-30,43.0
2015-07-31,45.0
2015-08-01,45.0
2015-08-02,44.0
2015-08-03,45.0
2015-08-04,44.0
2015-08-05,43.0
2015-08-06,40.0
2015-08-07,40.0
2015-08-08,40.0
2015-08-09,43.0
2015-08-10,40.0
2015-08-11,36.0
2015-08-12,35.0
2015-08-13,38.0
2015-08-14,36.0
2015-08-15,36.0
2015-08-16,37.0
2015-08-17,38.0
2015-08-18,39.0
2015-08-19,41.0
2015-08-20,41.0
2015-08-21,39.0
2015-08-22,39.0
2015-08-23,37.0
2015-08-24,36.0
2015-08-25,34.0
2015-08-26,35.0
2015-08-27,35.0
2015-08-28,34.0
2015-08-29,34.0
2015-08-30,33.0
2015-08-31,33.0
2015-09-01,34.0
2015-09-02,33.0
2015-09-03,35.0
2015-09-04,36.0
2015-09-05,33.0
2015-09-06,32.0
2015-09-07,33.0
2015-09-08,30.0
2015-09-09,28.0
2015-09-10,28.0
2015-09-11,30.0
2015-09-12,28.0
2015-09-13,28.0
2015-09-14,29.0
2015-09-15,30.0
2015-09-16,30.0
2015-09-17,28.0
2015-09-18,27.0
2015-09-19,28.0
2015-09-20,27.0
2015-09-21,28.0
2015-09-22,29.0
2015-09-23,30.0
2015-09-24,31.0
2015-09-25,28.0
2015-09-26,27.0
2015-09-27,26.0
2015-09-28,26.0
2015-09-29,25.0
2015-09-30,27.0
2015-10-01,25.0
2015-10-02,28.0
2015-10-03,29.0
2015-10-04,29.0
2015-10-05,30.0
2015-10-06,30.0
2015-10-07,31.0
2015-10-08,32.0
2015-10-09,32.0
2015-10-10,32.0
2015-10-11,30.0
2015-10-12,31.0
2015-10-13,31.0
2015-10-14,30.0
2015-10-15,30.0
2015-10-16,31.0
2015-10-17,32.0
2015-10-18,31.0
2015-10-19,29.0
2015-10-20,29.0
2015-10-21,29.0
2015-10-22,30.0
2015-10-23,30.0
2015-10-24,29.0
2015-10-25,32.0
2015-10-26,33.0
2015-10-27,35.0
2015-10-28,34.0
2015-10-29,34.0
2015-10-30,32.0
2015-10-31,33.0
2015-11-01,30.0
2015-11-02,27.0
2015-11-03,28.0
2015-11-04,29.0
2015-11-05,30.0
2015-11-06,28.0
2015-11-07,30.0
2015-11-08,32.0
2015-11-09,33.0
2015-11-10,32.0
2015-11-11,30.0
2015-11-12,30.0
2015-11-13,31.0
2015-11-14,33.0
2015-11-15,32.0
2015-11-16,33.0
2015-11-17,34.0
2015-11-18,35.0
2015-11-19,36.0
2015-11-20,35.0
2015-11-21,34.0
2015-11-22,33.0
2015-11-23,33.0
2015-11-24,30.0
2015-11-25,29.0
2015-11-26,27.0
2015-11-27,27.0
2015-11-28,28.0
2015-11-29,28.0
2015-11-30,27.0
2015-12-01,28.0
2015-12-02,31.0
2015-12-03,30.0
2015-12-04,30.0
2015-12-05,30.0
2015-12-06,33.0
2015-12-07,30.0
2015-12-08,29.0
2015-12-09,28.0
2015-12-10,28.0
2015-12-11,29.0
2015-12-12,28.0
2015-12-13,28.0
2015-12-14,25.0
2015-12-15,25.0
2015-12-16,25.0
2015-12-17,25.0
2015-12-18,25.0
2015-12-19,24.0
2015-12-20,27.0
2015-12-21,26.0
2015-12-22,26.0
2015-12-23,27.0
2015-12-24,27.0
2015-12-25,27.0
2015-12-26,28.0
2015-12-27,29.0
2015-12-28,31.0
2015-12-29,31.0
2015-12-30,32.0
2015-12-31,32.0
2016-01-01,30.0
2016-01-02,29.0
2016-01-03,27.0
2016-01-04,26.0
2016-01-05,23.0
2016-01-06,24.0
2016-01-07,26.0
2016-01-08,26.0
2016-01-09,26.0
2016-01-10,26.0
2016-01-11,26.0
2016-01-12,27.0
2016-01-13,26.0
2016-01-14,25.0
2016-01-15,24.0
2016-01-16,23.0
2016-01-17,22.0
2016-01-18,23.0
2016-01-19,21.0
2016-01-20,21.0
2016-01-21,21.0
2016-01-22,20.0
2016-01-23,20.0
2016-01-24,20.0
2016-01-25,19.0
2016-01-26,19.0
2016-01-27,16.0
2016-01-28,15.0
2016-01-29,15.0
2016-01-30,14.0
2016-01-31,13.0
2016-02-01,14.0
2016-02-02,14.0
2016-02-03,15.0
2016-02-04,16.0
2016-02-05,17.0
2016-02-06,14.0
2016-02-07,14.0
2016-02-08,15.0
2016-02-09,14.0
2016-02-10,16.0
2016-02-11,15.0
2016-02-12,16.0
2016-02-13,16.0
2016-02-14,15.0
2016-02-15,16.0
2016-02-16,16.0
2016-02-17,16.0
2016-02-18,15.0
2016-02-19,16.0
2016-02-20,18.0
2016-02-21,21.0
2016-02-22,21.0
2016-02-23,22.0
2016-02-24,22.0
2016-02-25,22.0
2016-02-26,23.0
2016-02-27,23.0
2016-02-28,22.0
2016-02-29,24.0
2016-03-01,24.0
2016-03-02,23.0
2016-03-03,24.0
2016-03-04,23.0
2016-03-05,22.0
2016-03-06,21.0
2016-03-07,21.0
2016-03-08,21.0
2016-03-09,20.0
2016-03-10,21.0
2016-03-11,19.0
2016-03-12,19.0
2016-03-13,19.0
2016-03-14,19.0
2016-03-15,20.0
2016-03-16,20.0
2016-03-17,21.0
2016-03-18,21.0
2016-03-19,21.0
2016-03-20,21.0
2016-03-21,19.0
2016-03-22,18.0
2016-03-23,18.0
2016-03-24,18.0
2016-03-25,18.0
2016-03-26,17.0
2016-03-27,17.0
2016-03-28,17.0
2016-03-29,18.0
2016-03-30,17.0
2016-03-31,18.0
2016-04-01,18.0
2016-04-02,17.0
2016-04-03,18.0
2016-04-04,18.0
2016-04-05,17.0
2016-04-06,18.0
2016-04-07,19.0
2016-04-08,22.0
2016-04-09,21.0
2016-04-10,21.0
2016-04-11,22.0
2016-04-12,23.0
2016-04-13,23.0
2016-04-14,22.0
2016-04-15,21.0
2016-04-16,21.0
2016-04-17,21.0
2016-04-18,21.0
2016-04-19,22.0
2016-04-20,22.0
2016-04-21,20.0
2016-04-22,21.0
2016-04-23,20.0
2016-04-24,22.0
2016-04-25,25.0
2016-04-26,28.0
2016-04-27,28.0
2016-04-28,30.0
2016-04-29,29.0
2016-04-30,28.0
2016-05-01,28.0
2016-05-02,29.0
2016-05-03,29.0
2016-05-04,30.0
2016-05-05,30.0
2016-05-06,30.0
2016-05-07,30.0
2016-05-08,28.0
2016-05-09,28.0
2016-05-10,29.0
2016-05-11,27.0
2016-05-12,26.0
2016-05-13,26.0
2016-05-14,26.0
2016-05-15,26.0
2016-05-16,25.0
2016-05-17,25.0
2016-05-18,24.0
2016-05-19,22.0
2016-05-20,23.0
2016-05-21,23.0
2016-05-22,24.0
2016-05-23,25.0
2016-05-24,23.0
2016-05-25,25.0
2016-05-26,25.0
2016-05-27,27.0
2016-05-28,25.0
2016-05-29,25.0
2016-05-30,25.0
2016-05-31,26.0
2016-06-01,25.0
2016-06-02,24.0
2016-06-03,25.0
2016-06-04,26.0
2016-06-05,25.0
2016-06-06,26.0
2016-06-07,25.0
2016-06-08,27.0
2016-06-09,28.0
2016-06-10,30.0
2016-06-11,31.0
2016-06-12,31.0
2016-06-13,32.0
2016-06-14,33.0
2016-06-15,33.0
2016-06-16,32.0
2016-06-17,32.0
2016-06-18,32.0
2016-06-19,31.0
2016-06-20,31.0
2016-06-21,30.0
2016-06-22,31.0
2016-06-23,32.0
2016-06-24,28.0
2016-06-25,25.0
2016-06-26,25.0
2016-06-27,24.0
2016-06-28,27.0
2016-06-29,27.0
2016-06-30,27.0
2016-07-01,28.0
2016-07-02,28.0
2016-07-03,27.0
2016-07-04,26.0
2016-07-05,28.0
2016-07-06,28.0
2016-07-07,28.0
2016-07-08,27.0
2016-07-09,25.0
2016-07-10,27.0
2016-07-11,26.0
2016-07-12,28.0
2016-07-13,29.0
2016-07-14,29.0
2016-07-15,29.0
2016-07-16,31.0
2016-07-17,31.0
2016-07-18,34.0
2016-07-19,36.0
2016-07-20,36.0
2016-07-21,36.0
2016-07-22,34.0
2016-07-23,34.0
2016-07-24,35.0
2016-07-25,36.0
2016-07-26,35.0
2016-07-27,35.0
2016-07-28,35.0
2016-07-29,37.0
2016-07-30,36.0
2016-07-31,35.0
2016-08-01,35.0
2016-08-02,34.0
2016-08-03,35.0
2016-08-04,34.0
2016-08-05,33.0
2016-08-06,33.0
2016-08-07,33.0
2016-08-08,33.0
2016-08-09,29.0
2016-08-10,31.0
2016-08-11,29.0
2016-08-12,30.0
2016-08-13,29.0
2016-08-14,29.0
2016-08-15,28.0
2016-08-16,29.0
2016-08-17,28.0
2016-08-18,26.0
2016-08-19,28.0
2016-08-20,28.0
2016-08-21,28.0
2016-08-22,30.0
2016-08-23,28.0
2016-08-24,28.0
2016-08-25,27.0
2016-08-26,29.0
2016-08-27,27.0
2016-08-28,26.0
2016-08-29,26.0
2016-08-30,26.0
2016-08-31,26.0
2016-09-01,26.0
2016-09-02,27.0
2016-09-03,27.0
2016-09-04,27.0
2016-09-05,28.0
2016-09-06,30.0
2016-09-07,33.0
2016-09-08,36.0
2016-09-09,34.0
2016-09-10,34.0
2016-09-11,31.0
2016-09-12,31.0
2016-09-13,31.0
2016-09-14,31.0
2016-09-15,31.0
2016-09-16,32.0
2016-09-17,32.0
2016-09-18,32.0
2016-09-19,32.0
2016-09-20,33.0
2016-09-21,32.0
2016-09-22,32.0
2016-09-23,31.0
2016-09-24,32.0
2016-09-25,32.0
2016-09-26,31.0
2016-09-27,30.0
2016-09-28,31.0
2016-09-29,31.0
2016-09-30,31.0
2016-10-01,31.0
2016-10-02,31.0
2016-10-03,32.0
2016-10-04,33.0
2016-10-05,32.0
2016-10-06,30.0
2016-10-07,27.0
2016-10-08,24.0
2016-10-09,24.0
2016-10-10,27.0
2016-10-11,29.0
2016-10-12,31.0
2016-10-13,32.0
2016-10-14,31.0
2016-10-15,31.0
2016-10-16,30.0
2016-10-17,30.0
2016-10-18,29.0
2016-10-19,29.0
2016-10-20,28.0
2016-10-21,27.0
2016-10-22,28.0
2016-10-23,27.0
2016-10-24,29.0
2016-10-25,27.0
2016-10-26,28.0
2016-10-27,28.0
2016-10-28,28.0
2016-10-29,29.0
2016-10-30,30.0
2016-10-31,30.0
2016-11-01,28.0
2016-11-02,26.0
2016-11-03,24.0
2016-11-04,25.0
2016-11-05,25.0
2016-11-06,25.0
2016-11-07,26.0
2016-11-08,25.0
2016-11-09,25.0
2016-11-10,23.0
2016-11-11,23.0
2016-11-12,22.0
2016-11-13,22.0
2016-11-14,21.0
2016-11-15,22.0
2016-11-16,22.0
2016-11-17,23.0
2016-11-18,23.0
2016-11-19,25.0
2016-11-20,27.0
2016-11-21,27.0
2016-11-22,28.0
2016-11-23,28.0
2016-11-24,28.0
2016-11-25,28.0
2016-11-26,28.0
2016-11-27,27.0
2016-11-28,26.0
2016-11-29,26.0
2016-11-30,30.0
2016-12-01,31.0
2016-12-02,32.0
2016-12-03,32.0
2016-12-04,34.0
2016-12-05,34.0
2016-12-06,34.0
2016-12-07,33.0
2016-12-08,33.0
2016-12-09,32.0
2016-12-10,33.0
2016-12-11,31.0
2016-12-12,31.0
2016-12-13,33.0
2016-12-14,35.0
2016-12-15,33.0
2016-12-16,35.0
2016-12-17,33.0
2016-12-18,32.0
2016-12-19,32.0
2016-12-20,31.0
2016-12-21,31.0
2016-12-22,32.0
2016-12-23,30.0
2016-12-24,30.0
2016-12-25,31.0
2016-12-26,31.0
2016-12-27,31.0
2016-12-28,32.0
2016-12-29,31.0
2016-12-30,27.0
2016-12-31,27.0
2017-01-01,28.0
2017-01-02,28.0
2017-01-03,27.0
2017-01-04,27.0
2017-01-05,27.0
2017-01-06,27.0
2017-01-07,28.0
2017-01-08,26.0
2017-01-09,26.0
2017-01-10,28.0
2017-01-11,28.0
2017-01-12,28.0
2017-01-13,27.0
2017-01-14,26.0
2017-01-15,26.0
2017-01-16,26.0
2017-01-17,26.0
2017-01-18,24.0
2017-01-19,24.0
2017-01-20,25.0
2017-01-21,23.0
2017-01-22,24.0
2017-01-23,26.0
2017-01-24,26.0
2017-01-25,28.0
2017-01-26,30.0
2017-01-27,30.0
2017-01-28,32.0
2017-01-29,33.0
2017-01-30,32.0
2017-01-31,30.0
2017-02-01,32.0
2017-02-02,32.0
2017-02-03,33.0
2017-02-04,33.0
2017-02-05,34.0
2017-02-06,34.0
2017-02-07,34.0
2017-02-08,35.0
2017-02-09,34.0
2017-02-10,34.0
2017-02-11,32.0
2017-02-12,32.0
2017-02-13,33.0
2017-02-14,31.0
2017-02-15,31.0
2017-02-16,32.0
2017-02-17,32.0
2017-02-18,31.0
2017-02-19,29.0
2017-02-20,29.0
2017-02-21,28.0
2017-02-22,27.0
2017-02-23,26.0
2017-02-24,24.0
2017-02-25,22.0
2017-02-26,22.0
2017-02-27,22.0
2017-02-28,22.0
2017-03-01,22.0
2017-03-02,22.0
2017-03-03,20.0
2017-03-04,18.0
2017-03-05,16.0
2017-03-06,16.0
2017-03-07,15.0
2017-03-08,17.0
2017-03-09,19.0
2017-03-10,17.0
2017-03-11,17.0
2017-03-12,17.0
2017-03-13,18.0
2017-03-14,19.0
2017-03-15,19.0
2017-03-16,20.0
2017-03-17,22.0
2017-03-18,23.0
2017-03-19,25.0
2017-03-20,24.0
2017-03-21,24.0
2017-03-22,25.0
2017-03-23,24.0
2017-03-24,24.0
2017-03-25,23.0
2017-03-26,24.0
2017-03-27,25.0
2017-03-28,25.0
2017-03-29,25.0
2017-03-30,25.0
2017-03-31,25.0
2017-04-01,25.0
2017-04-02,25.0
2017-04-03,26.0
2017-04-04,27.0
2017-04-05,27.0
2017-04-06,27.0
2017-04-07,24.0
2017-04-08,24.0
2017-04-09,26.0
2017-04-10,26.0
2017-04-11,27.0
2017-04-12,26.0
2017-04-13,25.0
2017-04-14,26.0
2017-04-15,26.0
2017-04-16,27.0
2017-04-17,25.0
2017-04-18,24.0
2017-04-19,24.0
2017-04-20,25.0
2017-04-21,25.0
2017-04-22,25.0
2017-04-23,25.0
2017-04-24,28.0
2017-04-25,27.0
2017-04-26,26.0
2017-04-27,26.0
2017-04-28,25.0
2017-04-29,27.0
2017-04-30,29.0
2017-05-01,29.0
2017-05-02,32.0
2017-05-03,32.0
2017-05-04,32.0
2017-05-05,32.0
2017-05-06,37.0
2017-05-07,37.0
2017-05-08,37.0
2017-05-09,38.0
2017-05-10,37.0
2017-05-11,37.0
2017-05-12,38.0
2017-05-13,37.0
2017-05-14,36.0
2017-05-15,37.0
2017-05-16,35.0
2017-05-17,37.0
2017-05-18,37.0
2017-05-19,38.0
2017-05-20,37.0
2017-05-21,37.0
2017-05-22,39.0
2017-05-23,39.0
2017-05-24,39.0
2017-05-25,39.0
2017-05-26,40.0
2017-05-27,39.0
2017-05-28,38.0
2017-05-29,36.0
2017-05-30,36.0
2017-05-31,38.0
2017-06-01,35.0
2017-06-02,35.0
2017-06-03,37.0
2017-06-04,37.0
2017-06-05,33.0
2017-06-06,33.0
2017-06-07,31.0
2017-06-08,28.0
2017-06-09,29.0
2017-06-10,28.0
2017-06-11,27.0
2017-06-12,31.0
2017-06-13,33.0
2017-06-14,31.0
2017-06-15,30.0
2017-06-16,28.0
2017-06-17,27.0
2017-06-18,27.0
2017-06-19,27.0
2017-06-20,27.0
2017-06-21,25.0
2017-06-22,25.0
2017-06-23,24.0
2017-06-24,24.0
2017-06-25,25.0
2017-06-26,25.0
2017-06-27,26.0
2017-06-28,26.0
2017-06-29,26.0
2017-06-30,24.0
2017-07-01,26.0
2017-07-02,27.0
2017-07-03,26.0
2017-07-04,26.0
2017-07-05,29.0
2017-07-06,31.0
2017-07-07,31.0
2017-07-08,32.0
2017-07-09,31.0
2017-07-10,31.0
2017-07-11,31.0
2017-07-12,28.0
2017-07-13,26.0
2017-07-14,28.0
2017-07-15,28.0
2017-07-16,28.0
2017-07-17,29.0
2017-07-18,29.0
2017-07-19,30.0
2017-07-20,29.0
2017-07-21,31.0
2017-07-22,31.0
2017-07-23,30.0
2017-07-24,32.0
2017-07-25,33.0
2017-07-26,34.0
2017-07-27,34.0
2017-07-28,34.0
2017-07-29,33.0
2017-07-30,34.0
2017-07-31,32.0
2017-08-01,32.0
2017-08-02,32.0
2017-08-03,32.0
2017-08-04,28.0
2017-08-05,28.0
2017-08-06,28.0
2017-08-07,28.0
2017-08-08,29.0
2017-08-09,29.0
2017-08-10,31.0
2017-08-11,33.0
2017-08-12,33.0
2017-08-13,31.0
2017-08-14,32.0
2017-08-15,32.0
2017-08-16,32.0
2017-08-17,33.0
2017-08-18,33.0
2017-08-19,34.0
2017-08-20,32.0
2017-08-21,32.0
2017-08-22,33.0
2017-08-23,31.0
2017-08-24,28.0
2017-08-25,30.0
2017-08-26,29.0
2017-08-27,28.0
2017-08-28,28.0
2017-08-29,27.0
2017-08-30,30.0
2017-08-31,29.0
2017-09-01,27.0
2017-09-02,29.0
2017-09-03,30.0
2017-09-04,32.0
2017-09-05,32.0
2017-09-06,32.0
2017-09-07,31.0
2017-09-08,31.0
2017-09-09,29.0
2017-09-10,26.0
2017-09-11,27.0
2017-09-12,27.0
2017-09-13,27.0
2017-09-14,27.0
2017-09-15,27.0
2017-09-16,26.0
2017-09-17,26.0
2017-09-18,25.0
2017-09-19,28.0
2017-09-20,27.0
2017-09-21,26.0
2017-09-22,27.0
2017-09-23,30.0
2017-09-24,28.0
2017-09-25,31.0
2017-09-26,33.0
2017-09-27,33.0
2017-09-28,33.0
2017-09-29,31.0
2017-09-30,31.0
2017-10-01,33.0
2017-10-02,34.0
2017-10-03,34.0
2017-10-04,31.0
2017-10-05,32.0
2017-10-06,31.0
2017-10-07,32.0
2017-10-08,32.0
2017-10-09,32.0
2017-10-10,34.0
2017-10-11,32.0
2017-10-12,32.0
2017-10-13,34.0
2017-10-14,34.0
2017-10-15,35.0
2017-10-16,34.0
2017-10-17,34.0
2017-10-18,35.0
2017-10-19,33.0
2017-10-20,33.0
2017-10-21,32.0
2017-10-22,31.0
2017-10-23,29.0
2017-10-24,30.0
2017-10-25,28.0
2017-10-26,27.0
2017-10-27,28.0
2017-10-28,29.0
2017-10-29,29.0
2017-10-30,29.0
2017-10-31,28.0
2017-11-01,26.0
2017-11-02,28.0
2017-11-03,27.0
2017-11-04,27.0
2017-11-05,27.0
2017-11-06,28.0
2017-11-07,28.0
2017-11-08,28.0
2017-11-09,26.0
2017-11-10,26.0
2017-11-11,26.0
2017-11-12,25.0
2017-11-13,26.0
2017-11-14,26.0
2017-11-15,26.0
2017-11-16,26.0
2017-11-17,25.0
2017-11-18,24.0
2017-11-19,24.0
2017-11-20,24.0
2017-11-21,24.0
2017-11-22,24.0
2017-11-23,22.0
2017-11-24,23.0
2017-11-25,24.0
2017-11-26,22.0
2017-11-27,22.0
2017-11-28,23.0
2017-11-29,22.0
2017-11-30,24.0
2017-12-01,23.0
2017-12-02,21.0
2017-12-03,22.0
2017-12-04,22.0
2017-12-05,22.0
2017-12-06,21.0
2017-12-07,22.0
2017-12-08,22.0
2017-12-09,23.0
2017-12-10,24.0
2017-12-11,24.0
2017-12-12,23.0
2017-12-13,22.0
2017-12-14,21.0
2017-12-15,22.0
2017-12-16,22.0
2017-12-17,22.0
2017-12-18,24.0
2017-12-19,24.0
2017-12-20,25.0
2017-12-21,25.0
2017-12-22,25.0
2017-12-23,27.0
2017-12-24,26.0
2017-12-25,24.0
2017-12-26,26.0
2017-12-27,27.0
2017-12-28,25.0
2017-12-29,25.0
2017-12-30,22.0
2017-12-31,22.0
2018-01-01,23.0
2018-01-02,23.0
2018-01-03,23.0
2018-01-04,23.0
2018-01-05,22.0
2018-01-06,22.0
2018-01-07,22.0
2018-01-08,22.0
2018-01-09,21.0
2018-01-10,22.0
2018-01-11,23.0
2018-01-12,25.0
2018-01-13,24.0
2018-01-14,23.0
2018-01-15,22.0
2018-01-16,22.0
2018-01-17,20.0
2018-01-18,20.0
2018-01-19,21.0
2018-01-20,22.0
2018-01-21,23.0
2018-01-22,22.0
2018-01-23,23.0
2018-01-24,24.0
2018-01-25,23.0
2018-01-26,21.0
2018-01-27,22.0
2018-01-28,24.0
2018-01-29,24.0
2018-01-30,25.0
2018-01-31,24.0
2018-02-01,23.0
2018-02-02,22.0
2018-02-03,23.0
2018-02-04,23.0
2018-02-05,22.0
2018-02-06,22.0
2018-02-07,21.0
2018-02-08,21.0
2018-02-09,20.0
2018-02-10,18.0
2018-02-11,16.0
2018-02-12,16.0
2018-02-13,18.0
2018-02-14,18.0
2018-02-15,19.0
2018-02-16,19.0
2018-02-17,20.0
2018-02-18,18.0
2018-02-19,18.0
2018-02-20,16.0
2018-02-21,18.0
2018-02-22,16.0
2018-02-23,15.0
2018-02-24,15.0
2018-02-25,16.0
2018-02-26,17.0
2018-02-27,17.0
2018-02-28,17.0
2018-03-01,17.0
2018-03-02,16.0
2018-03-03,16.0
2018-03-04,17.0
2018-03-05,17.0
2018-03-06,17.0
2018-03-07,17.0
2018-03-08,18.0
2018-03-09,19.0
2018-03-10,20.0
2018-03-11,20.0
2018-03-12,20.0
2018-03-13,21.0
2018-03-14,21.0
2018-03-15,19.0
2018-03-16,20.0
2018-03-17,19.0
2018-03-18,20.0
2018-03-19,20.0
2018-03-20,21.0
2018-03-21,21.0
2018-03-22,21.0
2018-03-23,18.0
2018-03-24,18.0
2018-03-25,19.0
2018-03-26,18.0
2018-03-27,17.0
2018-03-28,17.0
2018-03-29,15.0
2018-03-30,15.0
2018-03-31,16.0
2018-04-01,16.0
2018-04-02,19.0
2018-04-03,18.0
2018-04-04,19.0
2018-04-05,21.0
2018-04-06,22.0
2018-04-07,23.0
2018-04-08,22.0
2018-04-09,21.0
2018-04-10,21.0
2018-04-11,21.0
2018-04-12,23.0
2018-04-13,24.0
2018-04-14,26.0
2018-04-15,26.0
2018-04-16,28.0
2018-04-17,28.0
2018-04-18,30.0
2018-04-19,30.0
2018-04-20,30.0
2018-04-21,32.0
2018-04-22,33.0
2018-04-23,33.0
2018-04-24,32.0
2018-04-25,33.0
2018-04-26,35.0
2018-04-27,33.0
2018-04-28,35.0
2018-04-29,35.0
2018-04-30,33.0
2018-05-01,34.0
2018-05-02,31.0
2018-05-03,32.0
2018-05-04,30.0
2018-05-05,29.0
2018-05-06,30.0
2018-05-07,29.0
2018-05-08,31.0
2018-05-09,32.0
2018-05-10,32.0
2018-05-11,32.0
2018-05-12,30.0
2018-05-13,29.0
2018-05-14,28.0
2018-05-15,28.0
2018-05-16,27.0
2018-05-17,26.0
2018-05-18,23.0
2018-05-19,23.0
2018-05-20,23.0
2018-05-21,21.0
2018-05-22,21.0
2018-05-23,23.0
2018-05-24,24.0
2018-05-25,23.0
2018-05-26,21.0
2018-05-27,21.0
2018-05-28,19.0
2018-05-29,19.0
2018-05-30,19.0
2018-05-31,19.0
2018-06-01,21.0
2018-06-02,21.0
2018-06-03,22.0
2018-06-04,21.0
2018-06-05,19.0
2018-06-06,18.0
2018-06-07,16.0
2018-06-08,15.0
2018-06-09,16.0
2018-06-10,17.0
2018-06-11,18.0
2018-06-12,20.0
2018-06-13,20.0
2018-06-14,20.0
2018-06-15,19.0
2018-06-16,22.0
2018-06-17,24.0
2018-06-18,24.0
2018-06-19,24.0
2018-06-20,26.0
2018-06-21,27.0
2018-06-22,25.0
2018-06-23,24.0
2018-06-24,24.0
2018-06-25,24.0
2018-06-26,24.0
2018-06-27,24.0
2018-06-28,24.0
2018-06-29,24.0
2018-06-30,23.0
2018-07-01,22.0
2018-07-02,21.0
2018-07-03,20.0
2018-07-04,21.0
2018-07-05,24.0
2018-07-06,25.0
2018-07-07,26.0
2018-07-08,27.0
2018-07-09,29.0
2018-07-10,31.0
2018-07-11,29.0
2018-07-12,27.0
2018-07-13,26.0
2018-07-14,25.0
2018-07-15,27.0
2018-07-16,24.0
2018-07-17,23.0
2018-07-18,23.0
2018-07-19,23.0
2018-07-20,24.0
2018-07-21,25.0
2018-07-22,26.0
2018-07-23,26.0
2018-07-24,26.0
2018-07-25,27.0
2018-07-26,27.0
2018-07-27,27.0
2018-07-28,27.0
2018-07-29,28.0
2018-07-30,28.0
2018-07-31,29.0
2018-08-01,31.0
2018-08-02,32.0
2018-08-03,32.0
2018-08-04,29.0
2018-08-05,29.0
2018-08-06,29.0
2018-08-07,31.0
2018-08-08,29.0
2018-08-09,29.0
2018-08-10,29.0
2018-08-11,30.0
2018-08-12,30.0
2018-08-13,30.0
2018-08-14,29.0
2018-08-15,31.0
2018-08-16,31.0
2018-08-17,31.0
2018-08-18,32.0
2018-08-19,29.0
2018-08-20,27.0
2018-08-21,27.0
2018-08-22,30.0
2018-08-23,30.0
2018-08-24,29.0
2018-08-25,30.0
2018-08-26,30.0
2018-08-27,30.0
2018-08-28,29.0
2018-08-29,30.0
2018-08-30,29.0
2018-08-31,28.0
2018-09-01,28.0
2018-09-02,27.0
2018-09-03,31.0
2018-09-04,31.0
2018-09-05,30.0
2018-09-06,27.0
2018-09-07,26.0
2018-09-08,23.0
2018-09-09,23.0
2018-09-10,22.0
2018-09-11,23.0
2018-09-12,24.0
2018-09-13,23.0
2018-09-14,24.0
2018-09-15,24.0
2018-09-16,23.0
2018-09-17,23.0
2018-09-18,26.0
2018-09-19,26.0
2018-09-20,26.0
2018-09-21,23.0
2018-09-22,24.0
2018-09-23,24.0
2018-09-24,25.0
2018-09-25,26.0
2018-09-26,28.0
2018-09-27,31.0
2018-09-28,32.0
2018-09-29,33.0
2018-09-30,37.0
2018-10-01,39.0
2018-10-02,40.0
2018-10-03,38.0
2018-10-04,38.0
2018-10-05,39.0
2018-10-06,39.0
2018-10-07,40.0
2018-10-08,42.0
